name,year,km_driven,fuel_Diesel,fuel_Electric,fuel_LPG,fuel_Petrol,seller_type_Individual,seller_type_Trustmark Dealer,transmission_Manual,owner_Fourth & Above Owner,owner_Second Owner,owner_Test Drive Car,owner_Third Owner
Mahindra Bolero Power Plus Plus AC BSIV PS,0.48210199785790014,2.7900318948101743,True,False,False,False,True,False,True,False,False,False,False
Maruti Ertiga SHVS VDI,0.7193524610774805,0.2413427365733525,True,False,False,False,True,False,True,False,False,False,False
Honda Amaze EX i-Dtech,0.007601071418739302,-0.07724340820625028,True,False,False,False,False,False,True,False,False,False,False
Tata Indigo Grand Petrol,0.2448515346383197,-0.18343878979945122,False,False,False,True,True,False,True,False,True,False,False
Maruti Celerio ZXI,0.7193524610774805,-1.0117627662264184,False,False,False,True,False,False,True,False,False,False,False
Datsun RediGO T Option,0.7193524610774805,-0.6613180069688553,False,False,False,True,True,False,True,False,True,False,False
Mahindra Bolero SLE BSIII,-1.4159017078987433,3.42720418436938,True,False,False,False,True,False,True,False,True,False,False
Maruti Alto 800 LXI,1.1938533875166413,-1.1055545272495335,False,False,False,True,False,False,True,False,False,False,False
Maruti Baleno Alpha 1.2,1.1938533875166413,-1.220457930133377,False,False,False,True,False,False,True,False,False,False,False
Maruti Ertiga VXI Petrol,1.1938533875166413,-0.3958295529858531,False,False,False,True,True,False,True,False,False,False,False
Maruti Wagon R VXI BS IV,0.7193524610774805,-0.8206110793586568,False,False,False,True,True,False,True,False,True,False,False
Hyundai Verna CRDi SX,-1.4159017078987433,-0.22591694243673158,True,False,False,False,False,False,True,False,True,False,False
Tata New Safari 4X2,-1.4159017078987433,0.2413427365733525,False,False,False,True,True,False,True,False,True,False,False
Tata Indica DLS,-1.890402634337904,1.09090578931896,True,False,False,False,True,False,True,False,False,False,False
Maruti Swift Dzire LDI,0.956602924297061,0.45373349975975436,True,False,False,False,True,False,True,False,False,False,False
Ford Figo Aspire 1.5 TDCi Ambiente ABS,0.956602924297061,0.6661242629461562,True,False,False,False,True,False,True,False,False,False,False
Chevrolet Beat Diesel,-0.22964939180084112,0.45373349975975436,True,False,False,False,True,False,True,False,True,False,False
BMW 7 Series 730Ld,-0.22964939180084112,-0.4383077056231334,True,False,False,False,False,False,False,False,False,False,False
Hyundai Grand i10 1.2 Kappa Asta,1.4311038507362217,-1.1391972241382595,False,False,False,True,True,False,True,False,False,False,False
Hyundai Verna CRDi SX ABS,-0.9414007814595824,1.4307310104172029,True,False,False,False,True,False,True,False,True,False,False
BMW 3 Series 320d Luxury Line,1.1938533875166413,-0.6294593924908951,True,False,False,False,True,False,False,False,False,False,False
Maruti Ignis 1.3 Delta,1.1938533875166413,-0.8981337079216934,True,False,False,False,False,False,True,False,False,False,False
MG Hector Sharp Diesel MT BSIV,1.4311038507362217,-1.1604363004568998,True,False,False,False,False,False,True,False,False,False,False
Tata Tigor 1.2 Revotron XT,1.1938533875166413,-1.1391972241382595,False,False,False,True,True,False,True,False,False,False,False
Renault Duster 85PS Diesel RxL Plus,0.48210199785790014,0.45373349975975436,True,False,False,False,True,False,True,False,True,False,False
Hyundai Grand i10 AT Asta,0.48210199785790014,-0.8206110793586568,False,False,False,True,True,False,False,False,False,False,False
Tata Indica GLS BS IV,-1.1786512446791628,0.45373349975975436,False,False,False,True,True,False,True,False,True,False,False
Chevrolet Spark 1.0 LT Option Pack w/ Airbag,0.007601071418739302,-0.3321123240299325,False,False,False,True,False,False,True,False,False,False,False
Hyundai Creta 1.6 CRDi SX,0.7193524610774805,0.45373349975975436,True,False,False,False,True,False,True,False,False,False,False
Chevrolet Aveo 1.4,-1.4159017078987433,0.02895197338695065,False,False,False,True,True,False,True,False,True,False,False
Maruti Wagon R VXI Optional,0.48210199785790014,-0.6082203161722549,False,False,False,True,True,False,True,False,False,False,False
Hyundai Verna CRDi,-0.9414007814595824,0.2413427365733525,True,False,False,False,True,False,True,False,True,False,False
Tata Tigor 1.2 Revotron XZ Option,1.4311038507362217,-1.0967190715009791,False,False,False,True,True,False,True,False,False,False,False
Tata Indigo GLX,-1.1786512446791628,-0.3958295529858531,False,False,False,True,True,False,True,False,False,False,True
Audi A5 Sportback,1.6683543139558021,-1.425924754439902,True,False,False,False,True,False,False,False,False,False,False
Hyundai Grand i10 1.2 Kappa Magna BSIV,1.1938533875166413,-0.9692846135891381,False,False,False,True,True,False,True,False,False,False,False
Maruti Swift 1.3 VXi,-1.6531521711183237,0.878515026132558,False,False,False,True,True,False,True,False,False,False,True
Tata Zest Revotron 1.2T XE,0.48210199785790014,-0.18343878979945122,False,False,False,True,True,False,True,False,True,False,False
Hyundai Getz GLX,-1.4159017078987433,0.45373349975975436,False,False,False,True,True,False,True,False,False,False,False
Toyota Corolla Altis 1.8 J,-1.1786512446791628,-0.7144156977654559,False,False,False,True,True,False,True,False,False,False,False
Toyota Corolla Executive (HE),-0.9414007814595824,-0.9637199755936544,False,False,False,True,False,False,True,False,False,False,False
Hyundai Verna CRDi 1.6 SX,1.4311038507362217,,True,False,False,False,True,False,True,False,True,False,False
Jeep Compass 1.4 Sport Plus BSIV,1.4311038507362217,-1.2453926057314606,False,False,False,True,True,False,True,False,False,False,False
Maruti Ritz VDi,-0.46689985502042153,1.09090578931896,True,False,False,False,True,False,True,False,True,False,False
Maruti Swift Dzire VDI,0.007601071418739302,0.45394589052294076,True,False,False,False,False,False,True,False,True,False,False
Honda WR-V i-VTEC VX,0.956602924297061,-0.9150824908239683,False,False,False,True,False,False,True,False,True,False,False
Honda City 1.5 V AT,-0.46689985502042153,0.02895197338695065,False,False,False,True,True,False,False,False,True,False,False
Hyundai EON Magna,-0.22964939180084112,-0.5107754340223337,False,False,False,True,False,False,True,False,False,False,False
Maruti Omni E MPI STD BS IV,0.2448515346383197,-1.2145747059931136,False,False,False,True,True,False,True,False,False,False,False
Mahindra TUV 300 T8,0.7193524610774805,-0.6082203161722549,True,False,False,False,True,False,True,False,False,False,False
Maruti Estilo LXI,0.2448515346383197,-0.5445030872163343,False,False,False,True,False,False,True,False,False,False,False
Mahindra Bolero Power Plus SLX,1.1938533875166413,-0.7144156977654559,True,False,False,False,True,False,True,False,False,False,False
Tata Indica DLE,-1.6531521711183237,1.09090578931896,True,False,False,False,True,False,True,False,True,False,False
Toyota Innova Crysta 2.4 VX MT BSIV,1.1938533875166413,,True,False,False,False,True,False,True,False,False,False,False
Honda City V MT,-0.22964939180084112,-1.2453926057314606,False,False,False,True,True,False,True,False,False,False,False
Maruti Swift ZDi BSIV,0.7193524610774805,-0.5869812398536147,True,False,False,False,True,False,True,False,False,False,False
Honda City i DTEC VX,0.48210199785790014,-0.6082203161722549,True,False,False,False,True,False,True,False,False,False,False
Hyundai Getz GLS,-1.890402634337904,,False,False,False,True,True,False,True,False,False,False,False
Ford Endeavour 3.2 Titanium AT 4X4,0.956602924297061,-0.8206110793586568,True,False,False,False,True,False,False,False,False,False,False
Chevrolet Beat Diesel LT,-0.22964939180084112,-0.18343878979945122,True,False,False,False,True,False,True,False,False,False,False
Mahindra KUV 100 mFALCON G80 K2 Plus,0.7193524610774805,-1.0117627662264184,False,False,False,True,True,False,True,False,False,False,False
Tata Nexon 1.2 Revotron XZ Plus Dual Tone,1.1938533875166413,-0.7144156977654559,False,False,False,True,True,False,True,False,False,False,False
Maruti Ignis 1.2 Sigma BSIV,1.4311038507362217,-0.6082203161722549,False,False,False,True,True,False,True,False,False,False,False
Nissan Terrano XL 85 PS,0.2448515346383197,0.28382088921063287,True,False,False,False,True,False,True,False,False,False,False
Maruti Eeco 5 Seater Standard BSIV,,-1.3515879873246615,False,False,False,True,True,False,True,False,False,False,False
Tata Nano Std,-0.46689985502042153,,False,False,False,True,True,False,True,False,False,False,False
Maruti Swift Dzire ZDI,0.48210199785790014,-0.18343878979945122,True,False,False,False,True,False,True,False,False,False,False
Renault Duster 85PS Diesel RxL Optional,0.007601071418739302,0.02895197338695065,True,False,False,False,False,False,True,False,False,False,True
Hyundai Santa Fe 4X4,-0.46689985502042153,3.214813421182978,True,False,False,False,True,False,True,False,False,False,False
Mercedes-Benz GL-Class 350 CDI Blue Efficiency,0.2448515346383197,0.6661242629461562,True,False,False,False,True,False,False,False,True,False,False
Tata Nexon 1.2 Revotron XM,1.1938533875166413,-0.8206110793586568,False,False,False,True,True,False,True,False,False,False,False
Maruti Wagon R VXI BS IV,0.48210199785790014,-0.9268064609518577,False,False,False,True,True,False,True,False,False,False,False
Renault Duster 85PS Diesel RxE,0.007601071418739302,,True,False,False,False,False,False,True,False,True,False,False
Maruti Ciaz VXi,0.48210199785790014,0.024321854749487087,False,False,False,True,False,False,True,False,False,False,False
Maruti Swift ZXI Plus,1.1938533875166413,-0.8206110793586568,False,False,False,True,True,False,True,False,False,False,False
Renault KWID RXT Optional,0.7193524610774805,-0.9692846135891381,False,False,False,True,True,False,True,False,False,False,False
Chevrolet Cruze LTZ,-0.46689985502042153,-0.06662387004693018,True,False,False,False,True,False,True,False,False,False,False
Tata Indigo CR4,-0.704150318240002,0.2413427365733525,True,False,False,False,True,False,True,False,True,False,False
Mahindra Bolero SLX 2WD,-0.704150318240002,2.577641131623773,True,False,False,False,True,False,True,True,False,False,False
Hyundai i10 Magna,0.2448515346383197,-0.6246381221665638,False,False,False,True,False,False,True,False,False,False,False
Maruti SX4 VDI,-0.46689985502042153,0.6661242629461562,True,False,False,False,True,False,True,False,False,False,False
Ford Figo Aspire 1.2 Ti-VCT Trend,0.956602924297061,-1.2277216942343518,False,False,False,True,False,False,True,False,False,False,False
Maruti Ertiga ZXI,0.2448515346383197,-1.17636560769588,False,False,False,True,False,False,True,False,False,False,False
Maruti Celerio ZXI AMT BSIV,1.1938533875166413,-1.2453926057314606,False,False,False,True,True,False,False,False,False,False,False
Hyundai Santro GLS I - Euro I,-1.890402634337904,-0.18343878979945122,False,False,False,True,True,False,True,False,False,False,False
Maruti Alto K10 LXI,-0.22964939180084112,-1.0330018425450587,False,False,False,True,True,False,True,False,False,False,False
Skoda Rapid Monte Carlo 1.6 MPI AT BSIV,,-0.5126444727383741,False,False,False,True,True,False,False,False,False,False,False
Mahindra Bolero Power Plus SLX,1.4311038507362217,-1.1391972241382595,True,False,False,False,True,False,True,False,False,False,False
Maruti Alto K10 LXI,-0.46689985502042153,0.02895197338695065,False,False,False,True,True,False,True,False,True,False,False
Ford Ecosport 1.5 Diesel Titanium,1.6683543139558021,-1.4556382222096798,True,False,False,False,False,False,True,False,False,True,False
Hyundai Creta 1.6 CRDi SX,0.48210199785790014,-0.2942218118774784,True,False,False,False,False,True,True,False,False,False,False
Mahindra XUV500 W10 2WD,0.7193524610774805,-0.7144156977654559,True,False,False,False,True,False,True,False,False,False,False
Maruti Zen Estilo VXI BSIV,-0.704150318240002,-0.3523531637615966,False,False,False,True,True,False,True,False,False,False,False
Ford EcoSport 1.5 Ti VCT MT Titanium BSIV,0.956602924297061,-1.0743330850611326,False,False,False,True,False,False,True,False,False,False,False
Mahindra Quanto C8,0.007601071418739302,-0.9268064609518577,True,False,False,False,False,False,True,False,True,False,False
Maruti Ciaz Zeta BSIV,1.4311038507362217,-1.2241535294128203,False,False,False,True,True,False,True,False,False,False,False
Maruti Alto LX,-1.1786512446791628,1.5156873156917636,False,False,False,True,True,False,True,False,False,False,False
Skoda Laura Ambiente 2.0 TDI CR MT,-0.22964939180084112,0.878515026132558,True,False,False,False,True,False,True,False,False,False,False
Maruti Wagon R VXI BS IV,-0.704150318240002,-0.3958295529858531,False,False,False,True,True,False,True,False,True,False,False
Mahindra Quanto C6,0.2448515346383197,-1.4577621298415437,True,False,False,False,True,False,True,False,True,False,False
Hyundai Grand i10 1.2 Kappa Asta,0.956602924297061,-0.3958295529858531,False,False,False,False,True,False,True,False,False,False,False
Mahindra Thar CRDe,0.956602924297061,-0.9055673846332175,True,False,False,False,True,False,True,False,True,False,False
Hyundai Verna CRDi 1.6 SX,0.956602924297061,-0.3958295529858531,True,False,False,False,True,False,True,False,False,False,False
Maruti Vitara Brezza VDi,1.1938533875166413,-0.7144156977654559,True,False,False,False,True,False,True,False,False,False,False
Toyota Etios 1.5 V,0.7193524610774805,-0.7144156977654559,False,False,False,True,True,False,True,False,False,False,False
Hyundai Verna 1.6 SX CRDi (O),0.2448515346383197,-0.3958295529858531,True,False,False,False,True,False,True,False,False,False,False
Tata Indica Vista Aura Plus 1.3 Quadrajet,-0.22964939180084112,0.02895197338695065,False,False,False,False,True,False,True,False,True,False,False
Maruti Ritz VXI,-0.46689985502042153,0.2413427365733525,False,False,False,True,True,False,True,False,True,False,False
Mahindra KUV 100 mFALCON D75 K8,0.956602924297061,-0.5001771349393324,True,False,False,False,False,False,True,False,False,False,False
Maruti Alto K10 VXI Airbag,0.48210199785790014,-0.8206110793586568,False,False,False,True,True,False,True,False,False,False,False
Maruti Alto 800 LXI,1.4311038507362217,-1.2453926057314606,False,False,False,True,True,False,True,False,False,False,False
Maruti Ciaz 1.4 Alpha,1.1938533875166413,-0.9905236899077783,False,False,False,True,True,False,True,False,False,False,False
Hyundai Grand i10 Sportz,0.48210199785790014,0.45373349975975436,False,False,False,True,True,False,True,False,True,False,False
Honda City i VTEC V,0.48210199785790014,-1.2453926057314606,False,False,False,True,True,False,True,False,False,False,False
Mahindra Quanto C4,0.7193524610774805,0.2413427365733525,True,False,False,False,True,False,True,False,True,False,False
Hyundai Santro Xing GLS,-0.9414007814595824,0.02895197338695065,False,False,False,True,True,False,True,True,False,False,False
Maruti Ciaz 1.3 Delta,1.1938533875166413,-0.18343878979945122,True,False,False,False,True,False,True,False,False,False,False
Renault KWID Climber 1.0 AMT,0.956602924297061,-1.0330018425450587,False,False,False,True,True,False,False,False,False,False,False
Tata Safari DICOR 2.2 EX 4x2,0.007601071418739302,0.6661242629461562,True,False,False,False,True,False,True,False,False,False,False
BMW 5 Series 520d Luxury Line,0.956602924297061,-0.6082203161722549,True,False,False,False,True,False,False,False,False,False,False
Volkswagen Polo GTI,0.956602924297061,-1.0330018425450587,False,False,False,True,False,False,False,False,True,False,False
Toyota Innova 2.5 EV Diesel MS 7 Str BSIII,-0.704150318240002,1.09090578931896,True,False,False,False,True,False,True,False,False,False,False
Hyundai Verna 1.6 SX,-0.22964939180084112,0.45373349975975436,False,False,False,False,True,False,True,False,False,False,False
Tata Altroz XE,1.6683543139558021,,False,False,False,True,True,False,True,False,False,False,False
Fiat 500 Lounge,-1.1786512446791628,0.878515026132558,True,False,False,False,True,False,True,False,False,False,False
Hyundai Accent CRDi,-2.602154023996645,0.6661242629461562,True,False,False,False,True,False,True,False,False,False,True
Hyundai i20 Asta 1.4 CRDi,0.2448515346383197,-0.3533514003485727,True,False,False,False,True,False,True,False,True,False,False
Toyota Innova 2.5 G (Diesel) 7 Seater BS IV,-0.704150318240002,2.004186071020488,True,False,False,False,True,False,True,True,False,False,False
Volkswagen Vento Diesel Comfortline,-0.22964939180084112,0.6024070339902357,True,False,False,False,True,False,True,False,False,False,False
Volkswagen Vento 1.5 TDI Highline Plus AT,0.956602924297061,-0.6035689584584727,True,False,False,False,False,False,False,False,False,False,False
Skoda Laura Ambiente 2.0 TDI CR MT,-0.22964939180084112,-0.3533514003485727,True,False,False,False,False,False,True,False,False,False,False
Maruti Ciaz ZXi,0.48210199785790014,-0.8206110793586568,False,False,False,True,True,False,True,False,False,False,False
Maruti Swift VXI BSIII,-0.9414007814595824,-0.0224465913041586,False,False,False,True,True,False,True,False,True,False,False
Hyundai i20 Sportz 1.2,0.48210199785790014,-0.7144156977654559,False,False,False,True,True,False,True,False,True,False,False
Volkswagen Polo Diesel Trendline 1.2L,-0.22964939180084112,,True,False,False,False,True,False,True,False,True,False,False
Hyundai i10 Magna 1.2 iTech SE,-0.9414007814595824,-0.18343878979945122,False,False,False,True,True,False,True,False,False,False,True
Maruti Wagon R LXI CNG,0.007601071418739302,0.05019104970559084,False,False,False,False,True,False,True,False,True,False,False
Hyundai Grand i10 Asta Option,0.48210199785790014,-0.7976728769345254,False,False,False,True,False,False,True,False,False,False,False
Maruti Alto LX,-0.46689985502042153,-0.18343878979945122,False,False,False,True,True,False,True,False,False,False,True
Maruti Swift Ldi BSIII,-1.1786512446791628,1.09090578931896,True,False,False,False,True,False,True,False,False,False,False
Maruti Wagon R LXI BS IV,0.007601071418739302,0.2413427365733525,False,False,False,True,True,False,True,False,True,False,False
Chevrolet Beat LT,-0.46689985502042153,0.45373349975975436,False,False,False,True,True,False,True,False,True,False,False
Hyundai i20 Active 1.2 SX,0.956602924297061,-1.2453926057314606,False,False,False,True,True,False,True,False,False,False,False
Tata Nexon 1.2 Revotron XZ Plus Dual Tone,1.4311038507362217,-1.2453926057314606,False,False,False,True,True,False,True,False,False,False,False
Maruti A-Star Vxi,-0.46689985502042153,0.02895197338695065,False,False,False,True,True,False,True,False,True,False,False
Volkswagen Vento 1.5 TDI Highline Plus AT BSIV,1.4311038507362217,-0.7144156977654559,True,False,False,False,True,False,False,False,False,False,False
Mahindra Scorpio BSIV,1.1938533875166413,-0.18343878979945122,True,False,False,False,True,False,True,False,False,False,False
Tata Manza ELAN Quadrajet BS IV,-0.46689985502042153,0.2413427365733525,True,False,False,False,True,False,True,False,False,False,True
Toyota Etios VX,-0.46689985502042153,1.09090578931896,False,False,False,True,True,False,True,False,True,False,False
Hyundai Grand i10 1.2 Kappa Magna AT,0.956602924297061,-1.035338140940109,False,False,False,True,False,False,False,False,False,False,False
Hyundai Grand i10 CRDi Asta Option,0.48210199785790014,-0.3958295529858531,True,False,False,False,True,False,True,False,False,False,False
Ford Endeavour 2.5L 4X2,-0.46689985502042153,3.313405213454106,True,False,False,False,False,False,True,False,True,False,False
Mahindra Bolero DI,-2.1276530975574843,1.09090578931896,True,False,False,False,True,False,True,True,False,False,False
Mahindra Scorpio 1.99 S6 Plus,0.7193524610774805,-0.7144156977654559,False,False,False,False,True,False,True,False,False,False,False
Maruti Eeco Smiles 5 Seater AC,0.7193524610774805,0.08204966418355111,False,False,False,True,False,False,True,False,False,False,False
Chevrolet Beat LT,-0.704150318240002,,False,False,False,True,True,False,True,False,True,False,False
Mahindra Quanto C4,0.007601071418739302,0.6661242629461562,True,False,False,False,True,False,True,True,False,False,False
Tata Indica Vista Quadrajet LX,0.007601071418739302,2.7900318948101743,True,False,False,False,True,False,True,False,False,False,False
Toyota Corolla Altis Diesel D4DJ,-0.22964939180084112,0.5599288813529553,True,False,False,False,True,False,True,False,True,False,False
Maruti Omni 8 Seater BSIV,0.007601071418739302,-0.7144156977654559,False,False,False,True,True,False,True,False,False,False,False
Maruti Ritz VDi,-0.704150318240002,0.6661242629461562,True,False,False,False,True,False,True,False,True,False,False
Maruti Alto 800 VXI,0.48210199785790014,0.02895197338695065,False,False,False,True,True,False,True,False,False,False,False
Maruti Alto 800 VXI,0.7193524610774805,-0.18343878979945122,False,False,False,True,True,False,True,False,True,False,False
Chevrolet Spark 1.0 LS,-0.46689985502042153,-0.18343878979945122,False,False,False,True,True,False,True,False,True,False,False
Maruti 800 AC Uniq,-1.890402634337904,0.02895197338695065,False,False,False,True,True,False,True,False,True,False,False
Hyundai Xcent 1.2 Kappa SX,0.7193524610774805,-0.7144156977654559,False,False,False,True,True,False,True,False,True,False,False
Mahindra XUV500 W8 2WD,-0.22964939180084112,-0.3193688782387484,True,False,False,False,False,False,True,False,False,False,False
Hyundai i20 1.2 Sportz,-0.46689985502042153,1.09090578931896,False,False,False,True,True,False,True,False,False,False,False
Maruti Wagon R VXI BS IV,0.48210199785790014,-0.6082203161722549,False,False,False,True,True,False,True,False,False,False,False
Hyundai EON Era,0.2448515346383197,-1.2029144530941802,False,False,False,False,False,False,True,False,False,False,False
Tata Indica Vista Quadrajet VX,-0.22964939180084112,0.34753811816655344,True,False,False,False,True,False,True,False,False,False,False
Mahindra Scorpio 2.6 CRDe,-1.890402634337904,3.8519857107421838,True,False,False,False,True,False,True,False,True,False,False
Maruti Swift Dzire AMT VDI,1.4311038507362217,-0.9905236899077783,True,False,False,False,True,False,False,False,False,False,False
Volkswagen Polo 2015-2019 1.2 MPI Highline,0.956602924297061,-1.0629277010780227,False,False,False,True,False,False,True,False,False,False,False
Hyundai Getz GLS,-1.890402634337904,1.09090578931896,False,False,False,True,True,False,True,False,False,False,True
Maruti Omni Maruti Omni MPI STD BSIII 5-STR W/ IMMOBILISER,1.1938533875166413,-0.8630892319959371,False,False,False,True,False,False,True,False,False,False,False
Maruti S-Cross Zeta DDiS 200 SH,0.48210199785790014,-0.48133807424469843,False,False,False,False,False,True,True,False,False,False,False
Maruti Alto K10 2010-2014 VXI,-0.46689985502042153,,False,False,False,True,True,False,True,False,False,False,False
Skoda Octavia Ambiente 1.9 TDI MT,-2.602154023996645,,True,False,False,False,True,False,True,False,True,False,False
Honda City 1.5 V AT,-1.1786512446791628,0.02895197338695065,False,False,False,True,True,False,False,False,False,False,False
Hyundai i20 Sportz 1.2,0.7193524610774805,-0.4336351088330326,False,False,False,True,False,False,True,False,False,False,False
Maruti Swift ZXI Plus,,-0.8206110793586568,False,False,False,True,True,False,True,False,False,False,False
Hyundai i20 Magna,-0.704150318240002,-0.18343878979945122,False,False,False,True,True,False,True,False,False,False,True
Hyundai Verna 1.6 CRDI,-0.46689985502042153,1.1971011709121608,True,False,False,False,True,False,True,False,False,False,True
Ford EcoSport 1.5 TDCi Titanium Plus BSIV,1.6683543139558021,-1.4363319018360359,True,False,False,False,False,False,True,False,False,True,False
Maruti Baleno Zeta 1.3,0.7193524610774805,0.07143012602423102,True,False,False,False,True,False,True,False,False,False,False
Maruti Celerio ZXI MT BSIV,1.4311038507362217,-1.3791987865388937,False,False,False,True,True,False,True,False,False,False,False
Audi A4 30 TFSI Technology,1.1938533875166413,-0.9905236899077783,False,False,False,True,True,False,False,False,False,False,False
Hyundai Accent Executive CNG,-0.704150318240002,0.878515026132558,False,False,False,False,True,False,True,False,False,False,False
Tata Sumo GX TC 7 Str BSIII,-1.6531521711183237,0.6661242629461562,True,False,False,False,True,False,True,False,False,False,False
Hyundai i10 Magna,-0.46689985502042153,-0.8630892319959371,False,False,False,True,False,False,True,False,False,False,False
Ford Endeavour 3.0L 4X4 AT,0.007601071418739302,0.6236461103088758,True,False,False,False,False,False,False,False,False,False,False
Mahindra TUV 300 Plus P4,1.1938533875166413,-0.8206110793586568,True,False,False,False,True,False,True,False,True,False,False
Hyundai i10 Era 1.1 iTech SE,-0.46689985502042153,-1.0330018425450587,False,False,False,True,True,False,True,False,False,False,False
Mahindra Marazzo M2 8Str,1.4311038507362217,-1.0330018425450587,True,False,False,False,True,False,True,False,False,False,False
Hyundai Getz 1.3 GLS,-0.704150318240002,0.7839161802093347,False,False,False,True,True,False,True,False,False,False,False
Mahindra Verito 1.5 D4 BSIV,-0.22964939180084112,2.19533775788825,True,False,False,False,True,False,True,False,True,False,False
Maruti Swift LDI Optional,0.956602924297061,-0.6082203161722549,True,False,False,False,True,False,True,False,False,False,False
Ford Figo Diesel ZXI,0.2448515346383197,0.6661242629461562,True,False,False,False,True,False,True,False,True,False,False
Maruti Alto LXI,-1.890402634337904,-0.9692846135891381,False,False,False,True,True,False,True,False,True,False,False
Maruti Alto LXi,-0.704150318240002,-0.6931766214468157,False,False,False,True,True,False,True,False,False,False,False
Maruti Ignis 1.2 AMT Alpha BSIV,1.1938533875166413,-0.9268064609518577,False,False,False,True,True,False,False,False,False,False,False
Hyundai i10 Era 1.1 iTech SE,-0.46689985502042153,-0.4807858582604138,False,False,False,True,True,False,True,False,False,False,False
Toyota Innova Crysta 2.4 G MT BSIV,0.7193524610774805,0.02895197338695065,True,False,False,False,True,False,True,False,False,False,False
Toyota Fortuner 4x2 Manual,0.2448515346383197,,True,False,False,False,True,False,True,False,False,False,False
Hyundai Santro Xing XS eRLX Euro III,-1.6531521711183237,-0.3533514003485727,False,False,False,True,True,False,True,False,True,False,False
Maruti Swift 1.3 VXi,-1.1786512446791628,-0.18343878979945122,False,False,False,True,True,False,True,False,True,False,False
Honda Brio VX,0.2448515346383197,-0.22591694243673158,False,False,False,True,False,False,True,False,False,False,False
Maruti Omni E MPI STD BS IV,0.2448515346383197,-0.17247942641903288,False,False,False,True,True,False,True,False,False,False,False
Datsun RediGO 1.0 S,0.956602924297061,-1.1391972241382595,False,False,False,True,True,False,True,False,False,False,False
Mahindra XUV500 W10 2WD,1.1938533875166413,-1.0330018425450587,True,False,False,False,True,False,True,False,False,False,False
Honda City 1.5 EXI S,-2.1276530975574843,0.6661242629461562,False,False,False,False,True,False,True,False,False,False,True
Honda Jazz 1.5 V i DTEC,1.1938533875166413,-1.1391972241382595,True,False,False,False,False,False,True,False,False,False,False
Maruti Alto LXi,-1.4159017078987433,2.6838365132169737,False,False,False,True,True,False,True,False,False,False,False
Maruti Alto LX,-1.6531521711183237,1.303296552505362,False,False,False,True,True,False,True,False,False,False,False
Maruti Omni E MPI STD BS IV,0.956602924297061,-0.7356547740840961,False,False,False,True,False,False,True,False,False,False,False
Mahindra Xylo D4,0.2448515346383197,1.6218826972849647,True,False,False,False,True,False,True,False,False,False,False
Maruti Swift VDI,-0.46689985502042153,-0.3958295529858531,True,False,False,False,True,False,True,False,True,False,False
Maruti Swift Dzire VDi,-0.9414007814595824,2.577641131623773,True,False,False,False,True,False,True,False,False,False,True
Hyundai i20 Active S Petrol,0.7193524610774805,-0.0024181423356809052,False,False,False,False,False,False,True,False,False,False,False
Maruti Wagon R VXI BSII,-1.6531521711183237,0.2413427365733525,False,False,False,True,True,False,True,False,True,False,False
Audi Q5 2.0 TFSI Quattro Premium Plus,0.2448515346383197,-0.13592697607465312,False,False,False,True,False,False,False,False,False,False,False
Volkswagen Vento Petrol Highline,-0.46689985502042153,-0.18343878979945122,False,False,False,True,True,False,True,False,False,False,False
Honda City i DTEC E,0.2448515346383197,-0.18343878979945122,True,False,False,False,True,False,True,False,True,False,False
Honda City i-VTEC CVT ZX,1.1938533875166413,-0.9905236899077783,False,False,False,True,False,False,False,False,False,False,False
MG Hector Smart AT,1.4311038507362217,-1.075479995182339,False,False,False,True,False,False,False,False,False,False,False
Honda Amaze E i-VTEC,0.956602924297061,-1.1391972241382595,False,False,False,True,True,False,True,False,False,False,False
Honda City i DTEC S,0.2448515346383197,0.45373349975975436,True,False,False,False,True,False,True,False,True,False,False
Tata Manza Aura Quadrajet BS IV,-0.22964939180084112,-0.7144156977654559,True,False,False,False,True,False,True,False,True,False,False
Toyota Innova 2.5 GX 7 STR BSIV,-0.22964939180084112,0.2413427365733525,True,False,False,False,True,False,True,False,True,False,False
Hyundai Santro Magna BSIV,1.4311038507362217,-1.1391972241382595,False,False,False,True,True,False,True,False,False,False,False
Tata Indica Vista Quadrajet LX,-0.22964939180084112,0.2413427365733525,True,False,False,False,True,False,True,False,False,False,True
Toyota Innova 2.5 G (Diesel) 7 Seater,0.007601071418739302,,True,False,False,False,True,False,True,False,True,False,False
Volkswagen Polo Diesel Trendline 1.2L,-0.46689985502042153,0.878515026132558,True,False,False,False,True,False,True,False,False,False,False
Maruti Swift ZDi,0.007601071418739302,1.09090578931896,True,False,False,False,True,False,True,False,False,False,False
Mahindra Verito 1.5 D4 BSIV,0.48210199785790014,-0.08699214423650613,True,False,False,False,False,False,True,False,False,False,False
BMW X1 sDrive20d,-0.46689985502042153,0.36877719448519364,True,False,False,False,True,False,False,False,True,False,False
Hyundai Santro Xing XG,-2.1276530975574843,0.6662304583277494,False,False,False,True,False,False,True,False,True,False,False
Hyundai Accent CRDi,-1.890402634337904,1.09090578931896,True,False,False,False,True,False,True,False,True,False,False
Ford Endeavour 3.2 Titanium AT 4X4,0.7193524610774805,0.7935587208579974,True,False,False,False,True,False,False,False,False,False,False
Maruti Wagon R VXI BS IV,0.48210199785790014,-0.956541167797954,False,False,False,True,False,False,True,False,False,False,False
Hyundai Verna CRDi SX,-0.704150318240002,1.303296552505362,True,False,False,False,True,False,True,False,True,False,False
Tata Manza Aura (ABS) Quadrajet BS IV,-0.46689985502042153,1.5156873156917636,True,False,False,False,True,False,True,False,True,False,False
Maruti Zen Estilo LXI BS IV,-0.9414007814595824,1.09090578931896,False,False,False,True,True,False,True,False,False,False,False
Maruti Swift Dzire VDI,0.2448515346383197,0.22753733696623638,True,False,False,False,True,False,True,False,True,False,False
Tata Indigo LX,-0.22964939180084112,1.09090578931896,True,False,False,False,True,False,True,False,False,False,False
Hyundai EON Era Plus Option,0.956602924297061,-1.0655188683888968,False,False,False,True,False,True,True,False,False,False,False
Hyundai EON Era Plus,-0.22964939180084112,-0.3108732477112923,False,False,False,True,False,False,True,False,False,False,False
Maruti 800 AC,-3.3139054136553865,0.6661242629461562,False,False,False,True,True,False,True,False,True,False,False
Hyundai i20 1.2 Spotz,0.956602924297061,-1.0330018425450587,False,False,False,True,True,False,True,False,True,False,False
Toyota Innova 2.5 GX (Diesel) 7 Seater,0.48210199785790014,1.2608183998680815,True,False,False,False,True,False,True,False,False,False,False
Renault Duster 110PS Diesel RxZ AWD,0.956602924297061,-0.18343878979945122,True,False,False,False,True,False,True,False,False,False,False
Maruti Alto LXi,-0.9414007814595824,0.6661242629461562,False,False,False,True,True,False,True,False,False,False,False
Maruti Alto 800 VXI,1.4311038507362217,-1.3515879873246615,False,False,False,True,True,False,True,False,False,False,False
Maruti SX4 ZXI AT,-0.9414007814595824,1.09090578931896,False,False,False,True,True,False,False,False,True,False,False
Ford Figo Petrol LXI,-0.704150318240002,0.878515026132558,False,False,False,True,True,False,True,False,False,False,False
Tata Nexon 1.5 Revotorq XM,1.4311038507362217,-0.9268064609518577,True,False,False,False,True,False,True,False,False,False,False
Chevrolet Spark 1.0 LS,-0.704150318240002,-0.502024934579054,False,False,False,True,True,False,True,False,True,False,False
Ford EcoSport 1.5 TDCi Titanium Plus BE BSIV,1.1938533875166413,-0.3809834386391236,True,False,False,False,False,False,True,False,False,False,False
Hyundai i20 Asta,-0.704150318240002,0.878515026132558,False,False,False,True,True,False,True,False,False,False,False
Tata Nano Lx,-0.46689985502042153,-1.0330018425450587,False,False,False,True,True,False,True,False,False,False,False
Mahindra TUV 300 T4,0.7193524610774805,-0.3958295529858531,True,False,False,False,True,False,True,False,False,False,False
Maruti Zen VXi - BS III,-2.1276530975574843,0.2413427365733525,False,False,False,True,True,False,True,False,False,False,False
Maruti SX4 Vxi BSIV,-0.22964939180084112,0.878515026132558,False,False,False,True,False,False,True,False,True,False,False
Maruti Wagon R VXI BS IV,0.956602924297061,-0.4383077056231334,False,False,False,True,True,False,True,False,False,False,True
Hyundai i20 Active SX Petrol,0.7193524610774805,-0.9692846135891381,False,False,False,True,False,False,True,False,False,False,False
Mahindra Scorpio 2.6 SLX Turbo 7 Seater,-2.1276530975574843,1.09090578931896,True,False,False,False,False,False,True,False,False,False,False
Renault KWID RXT,0.48210199785790014,-0.3958295529858531,False,False,False,True,True,False,True,False,False,False,False
Maruti Ciaz 1.4 AT Zeta,0.956602924297061,-0.6082203161722549,False,False,False,True,True,False,False,False,False,False,False
Hyundai i10 Era 1.1,-1.1786512446791628,-0.18343878979945122,False,False,False,True,True,False,True,False,False,False,False
Hyundai i20 Magna,-0.704150318240002,-0.6082203161722549,False,False,False,True,True,False,True,False,False,False,False
Maruti SX4 Celebration Diesel,-0.22964939180084112,0.2413427365733525,True,False,False,False,True,False,True,False,True,False,False
Chevrolet Beat PS,0.2448515346383197,0.17762550761743195,False,False,False,True,True,False,True,False,False,False,False
Mahindra Scorpio 2.6 CRDe SLE,-0.46689985502042153,-0.3958295529858531,True,False,False,False,True,False,True,False,False,False,False
Honda City E,0.007601071418739302,1.1564071006856462,False,False,False,True,False,False,True,False,False,False,False
Tata Indica Vista TDI LS,0.007601071418739302,1.4094919340985628,True,False,False,False,False,False,True,False,True,False,False
Maruti Wagon R VXI Minor,-0.9414007814595824,-0.3958295529858531,False,False,False,True,True,False,True,False,True,False,False
Mahindra Bolero Power Plus Plus AC BSIV PS,0.48210199785790014,,True,False,False,False,True,False,True,False,False,False,True
Hyundai EON Magna Plus,0.2448515346383197,0.09904092523846326,False,False,False,True,False,False,True,False,True,False,False
Maruti Swift Dzire VDi,-0.9414007814595824,1.7280780788781656,True,False,False,False,True,False,True,False,False,False,True
Chevrolet Beat Diesel LS,0.007601071418739302,0.5365658974024511,True,False,False,False,True,False,True,False,True,False,False
Maruti Swift VXI BSIV,0.7193524610774805,-0.18343878979945122,False,False,False,True,True,False,True,False,False,False,False
Honda City i DTEC VX,0.2448515346383197,1.303296552505362,True,False,False,False,True,False,True,False,False,False,False
Volvo XC60 D5 Inscription,0.2448515346383197,1.303296552505362,True,False,False,False,True,False,False,False,False,False,False
Maruti Wagon R VXI BS IV with ABS,0.48210199785790014,0.6661242629461562,False,False,False,True,True,False,True,False,False,False,True
Hyundai i10 Sportz 1.2 AT,0.48210199785790014,-0.3958295529858531,False,False,False,True,False,False,False,False,False,False,False
Hyundai Verna 1.6 SX VTVT,0.956602924297061,-0.9692846135891381,False,False,False,True,True,False,True,False,False,False,False
Honda Mobilio V i DTEC,0.2448515346383197,1.7280780788781656,True,False,False,False,True,False,True,False,False,False,False
Tata Tiago 1.05 Revotorq XT Option,0.956602924297061,-0.7144156977654559,True,False,False,False,True,False,True,False,False,False,False
Honda Brio V MT,0.2448515346383197,-0.8279597997649063,False,False,False,True,False,True,True,False,False,False,False
Maruti Celerio VXI,0.48210199785790014,-0.7144156977654559,False,False,False,True,True,False,True,False,False,False,False
Honda City i DTec SV,0.2448515346383197,-0.8740698344526742,True,False,False,False,False,False,True,False,False,False,False
Hyundai Verna 1.4 EX,-0.46689985502042153,-0.7993720030400167,True,False,False,False,True,False,True,False,False,False,False
Audi Q5 3.0 TDI Quattro Technology,0.48210199785790014,-0.8206110793586568,True,False,False,False,False,False,False,False,False,False,False
Hyundai i20 Magna 1.4 CRDi (Diesel),-0.22964939180084112,-0.22591694243673158,True,False,False,False,False,False,True,False,False,False,False
Maruti Ertiga VDI,0.48210199785790014,-0.08911605186837014,True,False,False,False,False,False,True,False,False,False,False
Maruti Alto 800 LXI,0.2448515346383197,-0.8206110793586568,False,False,False,True,True,False,True,False,False,False,False
Mitsubishi Outlander 2.4,-0.22964939180084112,1.5156873156917636,False,False,False,True,True,False,False,False,False,False,False
Hyundai Santro GLS I - Euro I,-2.8394044872162256,-0.18343878979945122,False,False,False,True,True,False,True,False,False,False,True
Maruti 800 Std,0.007601071418739302,0.02895197338695065,False,False,False,True,True,False,True,False,False,False,False
Maruti Wagon R LX,-2.3649035607770648,0.6661242629461562,False,False,False,True,True,False,True,False,True,False,False
Tata Zest Revotron 1.2T XMS,0.7193524610774805,-0.9268064609518577,False,False,False,True,True,False,True,False,False,False,False
Hyundai Verna i (Petrol),-1.4159017078987433,-0.3958295529858531,False,False,False,True,True,False,True,False,True,False,False
Maruti Alto LXi BSIII,-0.9414007814595824,0.45373349975975436,False,False,False,True,True,False,True,False,True,False,False
Maruti SX4 Vxi BSIII,-1.4159017078987433,,False,False,False,True,True,False,True,False,True,False,False
Maruti Alto LXi,-1.1786512446791628,-0.8206110793586568,False,False,False,True,False,False,True,False,False,False,False
Maruti Eeco Smiles 5 Seater AC,0.007601071418739302,0.16912987708997587,False,False,False,True,False,False,True,False,False,False,False
Mahindra Scorpio M2DI,0.2448515346383197,0.45373349975975436,True,False,False,False,True,False,True,False,False,False,False
Hyundai i10 Sportz,-0.46689985502042153,-0.3958295529858531,False,False,False,True,True,False,True,False,False,False,False
Maruti Alto LXi BSIII,-1.6531521711183237,0.45373349975975436,False,False,False,True,True,False,True,False,False,False,True
Maruti Swift VDI,-0.22964939180084112,0.8572759498139179,True,False,False,False,True,False,True,False,False,False,False
Maruti Alto LX,-1.6531521711183237,1.5220590385873558,False,False,False,True,True,False,True,False,False,False,False
Mahindra TUV 300 mHAWK100 T8,0.956602924297061,-0.18343878979945122,True,False,False,False,True,False,True,False,False,False,False
Maruti Alto LX BSIII,,0.45373349975975436,False,False,False,True,True,False,True,False,True,False,False
Hyundai i20 Magna 1.4 CRDi (Diesel),0.007601071418739302,-0.9756563364847302,True,False,False,False,False,False,True,False,True,False,False
Chevrolet Spark 1.0,-0.9414007814595824,,False,False,False,True,True,False,True,False,False,False,False
Hyundai EON Era Plus,0.007601071418739302,,False,False,False,True,True,False,True,False,True,False,False
Maruti Zen VXI,-3.076654950435806,1.09090578931896,False,False,False,True,True,False,True,False,False,False,False
Maruti Swift 1.3 VXi,-1.6531521711183237,-0.502024934579054,False,False,False,True,True,False,True,False,False,False,False
Ford Ecosport 1.5 DV5 MT Titanium,0.48210199785790014,1.4094919340985628,True,False,False,False,True,False,True,False,True,False,False
Maruti Vitara Brezza ZDi Plus AMT,1.1938533875166413,-1.3622075254839816,True,False,False,False,False,False,False,False,False,False,False
Hyundai Getz GLS,-1.890402634337904,0.02895197338695065,False,False,False,True,True,False,True,False,False,False,False
Honda WR-V i-DTEC VX,1.4311038507362217,-1.18167537677554,True,False,False,False,False,False,True,False,False,False,False
Volkswagen Vento Diesel Trendline,-0.46689985502042153,0.6661242629461562,True,False,False,False,True,False,True,False,True,False,False
Tata Indica GLS BS IV,-0.9414007814595824,1.09090578931896,False,False,False,True,True,False,True,False,True,False,False
Hyundai i20 Asta 1.2,0.48210199785790014,-0.08820277158666862,False,False,False,True,False,False,True,False,False,False,False
Toyota Camry M/t,-1.1786512446791628,0.13514735498015157,False,False,False,True,True,False,True,False,True,False,False
Hyundai i10 Era 1.1,-0.9414007814595824,1.09090578931896,False,False,False,True,True,False,True,False,True,False,False
Renault Duster 85PS Diesel RxL,0.956602924297061,-0.7781329267213765,True,False,False,False,True,False,True,False,True,False,False
Audi A8 4.2 TDI,0.007601071418739302,,True,False,False,False,False,False,False,False,False,False,False
Renault Duster 110PS Diesel RxL,0.48210199785790014,-1.1391972241382595,True,False,False,False,True,False,True,False,False,False,False
Chevrolet Beat Diesel LS,0.007601071418739302,0.02895197338695065,True,False,False,False,True,False,True,False,False,False,False
Hyundai Creta 1.6 Gamma SX Plus,0.48210199785790014,-0.3958295529858531,False,False,False,True,True,False,True,False,False,False,False
Maruti Wagon R LX Minor,-1.4159017078987433,0.6661242629461562,False,False,False,True,True,False,True,False,False,False,False
Maruti Wagon R VXI Minor,-0.22964939180084112,-0.9268064609518577,False,False,False,True,True,False,True,False,False,False,False
Maruti Swift Dzire VXi,-0.9414007814595824,0.2553392878673364,False,False,False,True,False,False,True,False,False,False,False
Ford Endeavour XLT TDCi 4X2,-1.1786512446791628,2.577641131623773,True,False,False,False,True,False,True,False,True,False,False
Renault Pulse RxL,0.48210199785790014,,True,False,False,False,False,True,True,False,False,False,False
Skoda Laura Elegance 2.0 TDI CR AT,1.4311038507362217,0.7723196445393572,True,False,False,False,False,False,False,False,False,False,False
Skoda Laura L n K 1.9 PD,-1.1786512446791628,1.6006436209663244,True,False,False,False,True,False,True,False,False,False,True
Ford Figo Diesel Titanium,-0.704150318240002,0.6661242629461562,True,False,False,False,True,False,True,False,True,False,False
Tata Indigo GLS,-1.1786512446791628,1.09090578931896,False,False,False,True,True,False,True,False,False,False,False
Toyota Fortuner 4x2 AT,0.2448515346383197,0.644885186627516,True,False,False,False,True,False,False,False,False,False,False
Hyundai i20 Sportz 1.2,0.48210199785790014,0.45373349975975436,False,False,False,True,True,False,True,False,False,False,False
Maruti Zen LX,-2.8394044872162256,0.6024070339902357,False,False,False,True,True,False,True,True,False,False,False
Renault Duster 85PS Diesel RxE,0.007601071418739302,2.152859605250969,True,False,False,False,False,False,True,False,False,False,False
Chevrolet Beat LS,0.7193524610774805,1.1971011709121608,False,False,False,True,True,False,True,False,False,False,False
Chevrolet Aveo U-VA 1.2 LS,-0.9414007814595824,0.2413427365733525,False,False,False,True,True,False,True,False,True,False,False
Maruti Swift VDI BSIV,0.2448515346383197,1.8342734604713664,True,False,False,False,True,False,True,False,False,False,False
Maruti Ritz VXi,0.48210199785790014,-0.6082203161722549,False,False,False,True,True,False,True,False,False,False,False
Renault Duster 85PS Diesel RxL Optional,0.007601071418739302,0.13514735498015157,True,False,False,False,True,False,True,False,True,False,False
Chevrolet Beat Diesel LS,-0.22964939180084112,-0.3958295529858531,True,False,False,False,True,False,True,False,False,False,False
Hyundai Santro Xing XS,-1.1786512446791628,,False,False,False,True,True,False,True,False,False,False,False
Mahindra Jeep MM 540,-4.025656803314128,-0.18343878979945122,True,False,False,False,True,False,True,False,False,False,False
Tata Indigo TDI,0.007601071418739302,0.6661242629461562,True,False,False,False,True,False,True,False,False,False,False
Tata Safari Storme EX,1.4311038507362217,-0.9480455372704979,True,False,False,False,True,False,True,False,False,False,False
Ford Endeavour Hurricane Limited Edition,-1.4159017078987433,0.878515026132558,True,False,False,False,True,False,False,True,False,False,False
Maruti Alto 800 LXI,1.6683543139558021,-1.421676939176174,False,False,False,True,True,False,True,False,False,False,False
Maruti Swift LDI BSIV,0.48210199785790014,-0.19650082173541492,True,False,False,False,False,False,True,False,False,False,False
Hyundai EON D Lite Plus,0.48210199785790014,-0.5890414302565229,False,False,False,True,False,False,True,False,False,False,False
Maruti Ignis 1.2 Alpha BSIV,0.956602924297061,,False,False,False,True,True,False,True,False,False,False,False
Honda Jazz 1.5 VX i DTEC,0.7193524610774805,-0.7144156977654559,True,False,False,False,False,False,True,False,False,False,False
Nissan Micra Diesel XV Premium,-0.46689985502042153,0.45373349975975436,True,False,False,False,True,False,True,False,True,False,False
Honda Jazz 1.5 VX i DTEC,0.956602924297061,-0.6931766214468157,True,False,False,False,False,False,True,False,False,False,False
Mahindra XUV500 AT W10 1.99 mHawk,0.956602924297061,-0.06662387004693018,True,False,False,False,False,False,False,False,False,False,False
Tata Indica Vista Aqua TDI BSIII,-0.9414007814595824,1.09090578931896,True,False,False,False,True,False,True,False,False,False,False
Hyundai Verna SX Diesel,-0.46689985502042153,0.07143012602423102,True,False,False,False,False,False,True,False,False,False,True
Maruti Ertiga VXI ABS,0.007601071418739302,-0.6082203161722549,False,False,False,True,True,False,True,False,False,False,False
Renault Duster 85PS Diesel RxE,0.007601071418739302,,True,False,False,False,False,False,True,False,False,False,False
Mahindra Scorpio VLX 2WD AIRBAG SE BSIV,-0.22964939180084112,0.07143012602423102,True,False,False,False,False,False,True,False,False,False,False
Renault Duster 110PS Diesel RxL,0.2448515346383197,-0.07724340820625028,True,False,False,False,False,False,True,False,False,False,False
Nissan Micra XL,0.956602924297061,-0.41781199697564564,False,False,False,True,False,False,True,False,False,False,False
Mahindra Scorpio SLE BSIV,0.2448515346383197,0.02895197338695065,True,False,False,False,True,False,True,False,True,False,False
Maruti Alto LXi BSIII,-0.704150318240002,-0.9268064609518577,False,False,False,True,True,False,True,False,False,False,False
Maruti Wagon R LXI,-1.1786512446791628,-0.7142457851549068,False,False,False,True,False,False,True,False,False,False,False
Hyundai Verna SX AT Diesel,-0.9414007814595824,0.13514735498015157,True,False,False,False,False,False,False,False,False,False,False
Hyundai EON 1.0 Era Plus,-0.22964939180084112,-0.4383077056231334,False,False,False,True,False,False,True,False,False,False,False
Toyota Etios V,-0.46689985502042153,-0.35999923123630706,False,False,False,True,False,False,True,False,False,False,False
Tata Indigo Classic Dicor,0.2448515346383197,0.2413427365733525,True,False,False,False,True,False,True,False,False,False,True
Renault Duster 85PS Diesel RxL Plus,0.007601071418739302,-0.12677293418131919,True,False,False,False,False,False,True,False,False,False,False
Tata Indigo CS eLS BS IV,-0.46689985502042153,1.09090578931896,True,False,False,False,True,False,True,False,False,False,False
Maruti Alto 800 LXI,0.2448515346383197,-0.6082203161722549,False,False,False,True,True,False,True,False,False,False,False
Maruti Swift Dzire VDI,0.956602924297061,-0.056004331887610094,True,False,False,False,True,False,True,False,False,False,True
Renault KWID RXT Optional,0.7193524610774805,0.02895197338695065,False,False,False,True,True,False,True,False,True,False,False
Hyundai EON D Lite,0.7193524610774805,-0.9268064609518577,False,False,False,True,True,False,True,False,False,False,False
Maruti 800 Std BSII,-2.1276530975574843,-0.18343878979945122,False,False,False,True,True,False,True,False,True,False,False
Skoda Rapid 1.6 TDI PRESTIGE,0.007601071418739302,0.411255347122474,True,False,False,False,True,False,True,False,True,False,False
Tata Zest Revotron 1.2T XMS,1.1938533875166413,-0.3108732477112923,False,False,False,True,False,False,True,False,True,False,False
Maruti Swift LXI,-0.46689985502042153,0.02895197338695065,False,False,False,True,True,False,True,False,False,False,False
Maruti Swift 1.3 VXi,-1.890402634337904,0.2413427365733525,False,False,False,True,True,False,True,False,False,False,False
Audi Q5 2.0 TDI,0.48210199785790014,-0.7144156977654559,True,False,False,False,True,False,False,False,False,False,False
Maruti Swift Dzire VDI,0.48210199785790014,-0.18343878979945122,True,False,False,False,True,False,True,False,True,False,False
Honda City i VTEC V,0.7193524610774805,-1.0330018425450587,False,False,False,True,True,False,True,False,False,False,False
Maruti Omni E MPI STD BS IV,1.1938533875166413,-1.0330018425450587,False,False,False,True,False,False,True,False,False,False,False
Maruti Swift VVT VXI,0.956602924297061,-0.8206110793586568,False,False,False,True,True,False,True,False,False,False,False
Maruti Alto K10 VXI,,-1.0330018425450587,False,False,False,True,True,False,True,False,False,False,False
Hyundai EON Era Plus,0.007601071418739302,-1.3889687616454682,False,False,False,True,False,False,True,False,True,False,False
Maruti Swift ZDi BSIV,0.48210199785790014,-0.18343878979945122,True,False,False,False,True,False,True,False,False,False,False
Honda City i DTEC VX,0.2448515346383197,-0.3958295529858531,True,False,False,False,True,False,True,False,False,False,False
Ford Figo Aspire 1.2 Ti-VCT Titanium Plus,1.1938533875166413,-1.1391972241382595,False,False,False,True,True,False,True,False,False,False,False
Maruti Alto LXi,-0.46689985502042153,0.19886458393607215,False,False,False,True,True,False,True,False,False,False,False
Toyota Etios Liva GD SP,-0.22964939180084112,1.09090578931896,True,False,False,False,True,False,True,False,False,False,False
Chevrolet Spark 1.0,-0.704150318240002,0.2413427365733525,False,False,False,True,True,False,True,False,True,False,False
Ford EcoSport 1.5 TDCi Titanium BSIV,0.007601071418739302,1.2083791204373588,False,False,False,False,False,False,True,False,True,False,False
Toyota Innova 2.5 G (Diesel) 8 Seater,0.007601071418739302,1.09090578931896,True,False,False,False,True,False,True,False,False,False,False
Tata Indica Vista Terra 1.4 TDI,-0.9414007814595824,2.0254251473391283,True,False,False,False,True,False,True,False,True,False,False
Maruti Ertiga VDI,0.007601071418739302,0.878515026132558,True,False,False,False,True,False,True,False,False,False,False
Volkswagen Ameo 1.5 TDI Comfortline,1.1938533875166413,,True,False,False,False,True,False,True,False,False,False,False
Maruti Swift Dzire 1.2 Vxi BSIV,-0.22964939180084112,-0.41706862930449323,False,False,False,True,True,False,True,False,True,False,False
Honda City i-DTEC ZX,0.956602924297061,-0.6506984688095353,True,False,False,False,False,False,True,False,False,False,False
Ford Figo Aspire Titanium Plus Diesel,1.4311038507362217,-1.18167537677554,True,False,False,False,False,False,True,False,False,True,False
Maruti Zen Estilo VXI BSIII,-1.4159017078987433,0.45373349975975436,False,False,False,True,True,False,True,False,False,False,False
Maruti Vitara Brezza ZDi Plus,1.1938533875166413,-1.2453926057314606,True,False,False,False,True,False,True,False,False,False,False
Hyundai i20 Active 1.2 S,0.956602924297061,-0.7144156977654559,False,False,False,True,True,False,True,False,False,False,False
Volkswagen Polo 1.5 TDI Comfortline,0.48210199785790014,0.2985820472520878,True,False,False,False,False,False,True,False,False,False,False
Hyundai Grand i10 Asta,0.956602924297061,-1.250744852963758,False,False,False,True,False,False,True,False,False,False,False
Maruti Wagon R LXI BS IV,0.007601071418739302,0.2413427365733525,False,False,False,True,True,False,True,False,False,False,False
Maruti Swift Dzire LDI,1.4311038507362217,,True,False,False,False,True,False,True,False,False,False,False
Hyundai Grand i10 1.2 Kappa Sportz AT,1.4311038507362217,-1.4344203849673582,False,False,False,True,True,False,False,False,False,False,False
Maruti Wagon R LXI,-2.1276530975574843,0.45373349975975436,False,False,False,True,True,False,True,True,False,False,False
Honda Jazz 1.5 VX i DTEC,0.956602924297061,-0.9356206776240934,True,False,False,False,False,False,True,False,False,True,False
Toyota Innova 2.5 GX (Diesel) 7 Seater BS IV,-0.46689985502042153,1.09090578931896,True,False,False,False,True,False,True,False,True,False,False
Mahindra Bolero SLE,-0.704150318240002,0.45373349975975436,True,False,False,False,True,False,True,False,True,False,False
Skoda Rapid 1.5 TDI AT Ambition,0.48210199785790014,-0.46046006222347513,True,False,False,False,False,False,False,False,False,False,False
Maruti Eeco 5 Seater AC BSIV,1.1938533875166413,-0.9268064609518577,False,False,False,True,True,False,True,False,False,False,False
Honda Brio S MT,0.48210199785790014,-1.0330018425450587,False,False,False,True,False,False,True,False,False,False,False
Honda City i-VTEC ZX,1.1938533875166413,-0.8291067098861129,False,False,False,True,False,False,True,False,False,False,False
Renault Scala RxL,0.007601071418739302,-0.28963417139265213,False,False,False,True,False,False,True,False,False,False,False
Toyota Fortuner 2.7 2WD AT,0.7193524610774805,0.02895197338695065,False,False,False,True,True,False,False,False,True,False,False
Skoda Rapid 1.5 TDI Ambition,0.2448515346383197,0.02895197338695065,True,False,False,False,True,False,True,False,False,False,False
Hyundai Santro Xing GLS,-0.9414007814595824,1.09090578931896,False,False,False,True,True,False,True,False,False,False,False
Chevrolet Aveo U-VA 1.2 LT,-1.1786512446791628,0.02895197338695065,False,False,False,True,True,False,True,False,False,False,True
Toyota Innova 2.5 V Diesel 7-seater,-0.46689985502042153,0.878515026132558,True,False,False,False,True,False,True,False,False,False,True
Maruti Ciaz VDi Plus SHVS,0.7193524610774805,-0.3745904766672129,True,False,False,False,False,False,True,False,False,False,False
Tata Zest Quadrajet 1.3 75PS XE,0.48210199785790014,1.5156873156917636,True,False,False,False,False,False,True,False,False,False,False
Mahindra Scorpio EX,0.2448515346383197,-1.175940826169507,True,False,False,False,True,False,True,False,False,False,False
Ford Freestyle Titanium Plus Diesel,1.4311038507362217,-1.4365230535229034,True,False,False,False,False,False,True,False,False,False,False
Mahindra Scorpio S9 BSIV,1.4311038507362217,-0.7144156977654559,True,False,False,False,True,False,True,False,False,False,False
Maruti Swift Dzire LDIX Limited Edition,0.2448515346383197,0.6661242629461562,True,False,False,False,True,False,True,False,False,False,False
Renault Duster 85PS Diesel RxZ,0.956602924297061,0.45373349975975436,True,False,False,False,True,False,True,False,False,False,False
Mahindra Scorpio VLX 2WD BSIV,0.2448515346383197,-0.22591694243673158,True,False,False,False,False,False,True,False,True,False,False
Audi RS7 2015-2019 Sportback Performance,0.7193524610774805,-1.18167537677554,False,False,False,True,False,False,False,False,False,False,False
Mahindra Xylo E4,-0.22964939180084112,0.644885186627516,True,False,False,False,False,False,True,False,False,False,False
Mahindra Verito Vibe 1.5 dCi D6,0.48210199785790014,-0.6082203161722549,True,False,False,False,True,False,True,False,False,False,False
Hyundai Santro Xing XK (Non-AC),-1.4159017078987433,-0.3958295529858531,False,False,False,True,True,False,True,False,False,False,False
Maruti Swift Vdi BSIII,-1.1786512446791628,2.2590549868441703,True,False,False,False,True,False,True,False,True,False,False
Hyundai i20 1.2 Sportz,-0.22964939180084112,0.878515026132558,False,False,False,True,True,False,True,False,False,False,True
Maruti Wagon R LXI Minor,-0.704150318240002,-0.18343878979945122,False,False,False,True,True,False,True,True,False,False,False
Hyundai i10 Magna,-1.1786512446791628,-0.26839509507401194,False,False,False,True,True,False,True,False,True,False,False
Ford EcoSport 1.5 Diesel Trend BSIV,1.1938533875166413,-1.4365442925992222,True,False,False,False,True,False,True,False,False,False,False
Mahindra Xylo D2,-0.46689985502042153,1.5156873156917636,True,False,False,False,True,False,True,False,True,False,False
Maruti Swift 1.3 VXi,-1.890402634337904,-0.03476525556896991,False,False,False,True,True,False,True,False,False,False,False
Ford Figo 1.5P Titanium AT,0.956602924297061,-1.420445072749693,False,False,False,True,False,False,False,False,False,False,False
Force One EX,,-0.6609781817477571,True,False,False,False,True,False,True,False,False,False,False
Hyundai i10 Magna LPG,0.2448515346383197,-0.8418501556772969,False,False,True,False,True,False,True,False,False,False,False
Mahindra XUV500 W8 2WD,0.48210199785790014,0.878515026132558,True,False,False,False,True,False,True,False,True,False,False
Maruti Vitara Brezza ZDi,1.4311038507362217,-1.0330018425450587,True,False,False,False,True,False,True,False,False,False,False
Mahindra XUV500 W8 2WD,0.007601071418739302,0.7296078620625718,True,False,False,False,False,False,True,False,False,False,False
Maruti Ertiga SHVS ZDI Plus,0.7193524610774805,-0.41706862930449323,True,False,False,False,True,False,True,False,False,False,False
Toyota Innova 2.5 G (Diesel) 7 Seater,0.2448515346383197,0.45373349975975436,True,False,False,False,True,False,True,False,True,False,False
Tata Safari Storme VX Varicor 400,0.7193524610774805,0.2413427365733525,True,False,False,False,True,False,True,False,False,False,False
Hyundai EON Era Plus,0.007601071418739302,0.2413427365733525,False,False,False,True,True,False,True,False,False,False,True
Maruti Swift Dzire VXI,0.007601071418739302,0.2413427365733525,False,False,False,True,True,False,True,False,False,False,False
Tata Indigo LS BSII,-0.22964939180084112,,True,False,False,False,True,False,True,False,False,False,False
Ford Figo Diesel ZXI,0.2448515346383197,0.45373349975975436,True,False,False,False,True,False,True,False,False,False,False
Tata Indica GLS BS IV,-0.704150318240002,0.02895197338695065,False,False,False,True,True,False,True,False,False,False,False
Maruti Alto LX,-0.9414007814595824,1.09090578931896,False,False,False,True,True,False,True,False,True,False,False
Tata Bolt Quadrajet XE,0.956602924297061,-0.18343878979945122,True,False,False,False,True,False,True,False,False,False,False
Honda City 1.5 V MT,-0.9414007814595824,0.02895197338695065,False,False,False,True,True,False,True,False,False,False,True
Maruti Wagon R LXI Minor,-0.704150318240002,0.6661242629461562,False,False,False,True,True,False,True,False,True,False,False
Renault Duster 85PS Diesel RxL Optional,-0.22964939180084112,1.9404688420645675,True,False,False,False,True,False,True,False,False,False,False
Mahindra Bolero 2011-2019 SLE,0.007601071418739302,-0.1367128218984428,True,False,False,False,False,False,True,False,False,False,False
Toyota Corolla Altis G,-0.46689985502042153,-0.6082203161722549,False,False,False,True,True,False,True,False,True,False,False
Maruti Alto LX,-1.6531521711183237,1.09090578931896,False,False,False,False,True,False,True,False,False,False,True
Hyundai EON Magna Plus,0.48210199785790014,-0.7781329267213765,False,False,False,True,False,False,True,False,False,False,False
Maruti Baleno Zeta 1.2,0.7193524610774805,-1.1391972241382595,False,False,False,True,True,False,True,False,False,False,False
Hyundai Grand i10 1.2 Kappa Asta,0.956602924297061,-0.8949478464738975,False,False,False,True,True,False,True,False,False,False,False
Maruti SX4 ZXI MT BSIV,-0.22964939180084112,0.009178393334296635,False,False,False,True,False,False,True,False,False,False,False
Maruti Wagon R LXI BS IV,0.2448515346383197,-0.3958295529858531,False,False,False,False,True,False,True,False,False,False,False
Mahindra Bolero Power Plus SLX,0.956602924297061,-0.3958295529858531,True,False,False,False,False,False,True,False,True,False,False
Hyundai EON LPG Magna Plus,0.48210199785790014,0.878515026132558,False,False,True,False,True,False,True,False,False,False,False
Maruti Baleno Alpha 1.2,0.48210199785790014,-0.8206110793586568,False,False,False,True,True,False,True,False,False,False,False
Fiat Linea Active (Diesel),-0.46689985502042153,0.2413427365733525,True,False,False,False,True,False,True,False,False,False,True
Tata Indica DL,-1.6531521711183237,0.6661242629461562,True,False,False,False,True,False,True,False,True,False,False
Hyundai Creta 1.6 CRDi SX Plus,0.48210199785790014,0.32629904184791325,True,False,False,False,False,False,True,False,False,False,False
Chevrolet Aveo U-VA 1.2 LS,-0.704150318240002,-0.18343878979945122,False,False,False,True,True,False,True,False,False,False,False
Maruti 800 AC,-0.9414007814595824,-0.3958295529858531,False,False,False,True,True,False,True,True,False,False,False
Tata Sumo Gold EX,0.7193524610774805,-0.5657421635349745,True,False,False,False,True,False,True,False,False,False,False
Tata Tigor 1.2 Revotron XZ Option,1.1938533875166413,-1.3515879873246615,False,False,False,True,True,False,True,False,False,False,False
Tata Sumo Gold EX BSIII,0.48210199785790014,,True,False,False,False,True,False,True,False,False,False,False
Maruti Ciaz VDi Option SHVS,0.48210199785790014,-0.07724340820625028,True,False,False,False,False,False,True,False,False,False,False
Maruti Ertiga BSIV VXI AT,0.956602924297061,-0.8078676335674727,False,False,False,False,True,False,False,False,False,False,False
Tata Zest Revotron 1.2T XE,0.7193524610774805,0.45373349975975436,False,False,False,True,True,False,True,False,False,False,False
Hyundai Santro Xing XG AT,-2.1276530975574843,0.02895197338695065,False,False,False,True,True,False,False,False,True,False,False
Audi Q5 2.0 TDI,-0.22964939180084112,0.45373349975975436,True,False,False,False,True,False,False,False,True,False,False
Chevrolet Tavera Neo 2 LS B4 7 Str BSIII,-0.22964939180084112,1.09090578931896,True,False,False,False,True,False,True,False,False,False,True
Maruti Ritz VDi,-0.46689985502042153,1.09090578931896,True,False,False,False,True,False,True,False,False,False,False
Tata Indica DLS,-1.6531521711183237,1.09090578931896,True,False,False,False,True,False,True,True,False,False,False
Nissan Sunny XV D Premium Leather,0.48210199785790014,-0.3958295529858531,True,False,False,False,True,False,True,False,False,False,False
Mahindra Xylo D4,1.1938533875166413,,True,False,False,False,True,False,True,False,False,False,False
Mahindra Scorpio LX,0.2448515346383197,-1.1391972241382595,True,False,False,False,True,False,True,False,False,False,False
Tata Indigo TDI,-0.9414007814595824,1.09090578931896,True,False,False,False,True,False,True,False,False,False,True
Hyundai Xcent 1.2 CRDi SX,0.48210199785790014,-0.28963417139265213,True,False,False,False,False,False,True,False,False,False,False
Maruti Alto K10 LXI,0.956602924297061,-0.3958295529858531,False,False,False,True,True,False,True,False,False,False,False
Ford Figo Diesel Celebration Edition,0.007601071418739302,-0.07724340820625028,True,False,False,False,True,False,True,False,False,False,False
Mahindra Bolero Power Plus Plus Non AC BSIV PS,0.48210199785790014,0.878515026132558,True,False,False,False,True,False,True,False,False,False,False
Maruti Swift Dzire VDI,0.956602924297061,,True,False,False,False,False,False,True,False,False,False,False
Maruti Wagon R LX BSIII,-1.4159017078987433,0.878515026132558,False,False,False,True,True,False,True,False,False,False,False
Hyundai i10 Era,-0.22964939180084112,-0.8206110793586568,False,False,False,True,True,False,True,False,True,False,False
Honda Amaze S Diesel,0.48210199785790014,-0.18343878979945122,True,False,False,False,False,False,True,False,False,False,False
Mahindra Scorpio BSIV,1.4311038507362217,-1.2453926057314606,True,False,False,False,True,False,True,False,False,False,False
Maruti Celerio ZXI,0.956602924297061,-1.0330018425450587,False,False,False,True,True,False,True,False,False,False,False
Honda City i DTEC VX,0.2448515346383197,0.878515026132558,True,False,False,False,True,False,True,False,False,False,False
Tata Indica Vista Quadrajet LX,-0.46689985502042153,0.2413427365733525,True,False,False,False,True,False,True,False,False,False,False
Maruti Alto 800 LXI,0.48210199785790014,-0.7583168685160852,False,False,False,True,False,False,True,False,False,False,False
Maruti Alto K10 VXI,0.2448515346383197,0.6661242629461562,False,False,False,True,True,False,True,False,True,False,False
Hyundai Santro GLS I - Euro I,-3.3139054136553865,1.09090578931896,False,False,False,True,True,False,True,False,True,False,False
Ford Figo Diesel Titanium,-0.22964939180084112,2.365250368437371,True,False,False,False,True,False,True,False,False,False,False
Hyundai i20 Sportz 1.2,0.007601071418739302,-0.20015394286222105,False,False,False,True,True,False,True,False,False,False,False
Ford Classic 1.6 Duratec LXI,-0.46689985502042153,-1.0330018425450587,False,False,False,True,False,False,True,False,False,False,False
Maruti Swift Vdi BSIII,-0.704150318240002,0.6661242629461562,True,False,False,False,True,False,True,False,True,False,False
Mahindra XUV500 W8 4WD,0.2448515346383197,1.8555125367900067,True,False,False,False,True,False,True,False,False,False,False
Tata Indica Vista Aqua 1.4 TDI,-0.704150318240002,1.303296552505362,True,False,False,False,True,False,True,False,True,False,False
Volkswagen Polo Petrol Highline 1.2L,-0.704150318240002,-0.49898774666548845,False,False,False,True,False,False,True,False,True,False,False
Volkswagen Vento Diesel Highline,-0.46689985502042153,,True,False,False,False,True,False,True,False,False,False,True
Toyota Etios Liva GD,-0.22964939180084112,-0.26839509507401194,True,False,False,False,True,False,True,False,False,False,False
Hyundai i20 Sportz 1.2,0.956602924297061,-1.2217322747124952,False,False,False,True,False,False,True,False,False,False,False
Ford Freestyle Titanium Plus Diesel BSIV,1.4311038507362217,-1.1179581478196194,True,False,False,False,True,False,True,False,False,False,False
BMW X1 sDrive20d,-0.22964939180084112,,True,False,False,False,True,False,False,False,True,False,False
Hyundai Elantra 2.0 SX AT,1.1938533875166413,-1.2453926057314606,False,False,False,False,True,False,False,False,False,False,False
Tata Indigo Grand Dicor,0.007601071418739302,0.2413427365733525,True,False,False,False,True,False,True,False,False,False,False
Ford Figo Diesel EXI,-0.22964939180084112,0.2413427365733525,True,False,False,False,True,False,True,False,True,False,False
Volkswagen Polo 1.0 MPI Trendline,-0.22964939180084112,-0.41706862930449323,False,False,False,True,False,False,True,False,False,False,False
Mercedes-Benz C-Class Progressive C 220d,1.1938533875166413,-1.2453926057314606,True,False,False,False,False,False,False,False,False,False,False
Maruti Swift Dzire VDI,0.956602924297061,,True,False,False,False,False,True,True,False,False,False,False
Hyundai Xcent 1.2 Kappa S,0.7193524610774805,0.5811679576715955,False,False,False,True,True,False,True,False,False,False,False
Maruti 800 AC BSIII,-1.890402634337904,-1.0330018425450587,False,False,False,True,True,False,True,False,True,False,False
Maruti Wagon R VXI Optional,0.48210199785790014,-0.18343878979945122,False,False,False,True,True,False,True,False,True,False,False
Chevrolet Spark 1.0 LT,-0.46689985502042153,,False,False,False,True,True,False,True,False,False,False,False
Maruti Celerio ZXI AT,0.956602924297061,-0.9268064609518577,False,False,False,True,True,False,False,False,False,False,False
Nissan Micra Active XV,0.956602924297061,-1.1122873144425425,False,False,False,True,False,False,True,False,False,False,False
Hyundai EON D Lite Plus,0.48210199785790014,-0.8206110793586568,False,False,False,True,True,False,True,False,False,False,False
Maruti SX4 S Cross DDiS 320 Zeta,0.956602924297061,0.45373349975975436,True,False,False,False,True,False,True,False,False,False,False
Mahindra Xylo E4 8S,-0.704150318240002,1.09090578931896,True,False,False,False,True,False,True,False,False,False,True
Maruti Wagon R LXI DUO BS IV,-0.22964939180084112,-0.18343878979945122,False,False,True,False,True,False,True,False,False,False,False
Renault Duster 85PS Diesel RxL Plus,0.007601071418739302,-0.18343878979945122,True,False,False,False,True,False,True,False,True,False,False
Maruti Wagon R VXI BS IV,0.2448515346383197,0.2413427365733525,False,False,False,True,True,False,True,False,True,False,False
Mahindra Scorpio 2.6 Turbo 7 Str,-1.4159017078987433,0.6661242629461562,True,False,False,False,True,False,True,False,True,False,False
Tata Tiago 1.2 Revotron XE,0.7193524610774805,-0.8206110793586568,False,False,False,True,True,False,True,False,False,False,False
Skoda Rapid 1.6 TDI Elegance,-0.22964939180084112,1.09090578931896,True,False,False,False,True,False,True,False,True,False,False
Chevrolet Beat Diesel LT,-0.46689985502042153,0.2413427365733525,True,False,False,False,True,False,True,False,True,False,False
Maruti Zen Estilo VXI BSIII,-1.4159017078987433,0.6661242629461562,False,False,False,True,True,False,True,False,True,False,False
Maruti Alto LXi,-0.46689985502042153,-0.18343878979945122,False,False,False,True,True,False,True,False,False,False,True
Chevrolet Beat Diesel LT,-0.22964939180084112,0.878515026132558,True,False,False,False,True,False,True,False,False,False,False
Ford Figo Diesel Titanium,-0.46689985502042153,0.878515026132558,True,False,False,False,True,False,True,False,True,False,False
Maruti 800 Std,-3.551155876874967,0.2413427365733525,False,False,False,True,True,False,True,True,False,False,False
Renault Duster 110PS Diesel RxZ,0.007601071418739302,0.45373349975975436,True,False,False,False,True,False,True,False,True,False,False
Maruti Swift Dzire ZDI,0.48210199785790014,1.4094919340985628,True,False,False,False,True,False,True,False,False,False,False
Hyundai i20 1.4 Sportz,0.956602924297061,-0.5232640108976941,True,False,False,False,False,False,True,False,False,False,False
Hyundai Santro Sportz AMT,1.4311038507362217,-1.351439313790431,False,False,False,True,False,False,False,False,False,False,False
Maruti Swift VDI,0.007601071418739302,-0.3958295529858531,True,False,False,False,True,False,True,False,False,False,False
Maruti Ertiga ZDI,0.007601071418739302,0.43249442344111416,True,False,False,False,False,False,True,False,False,False,False
Maruti Ertiga ZDI,-0.22964939180084112,0.878515026132558,True,False,False,False,True,False,True,False,True,False,False
Chevrolet Spark 1.0 LS,-1.1786512446791628,0.02895197338695065,False,False,False,True,True,False,True,False,False,False,False
Maruti Alto K10 LX,1.6683543139558021,-1.4344203849673582,False,False,False,True,True,False,True,True,False,False,False
Hyundai Venue SX Opt Diesel,1.6683543139558021,-1.3515879873246615,True,False,False,False,True,False,True,False,False,False,False
Datsun GO Plus T Option,0.956602924297061,0.2413427365733525,False,False,False,True,True,False,True,False,False,False,False
Honda City i VTEC S,,-0.18343878979945122,False,False,False,True,True,False,True,False,False,False,False
Fiat Grande Punto 1.3 Dynamic (Diesel),-0.704150318240002,-0.11972156084353065,True,False,False,False,True,False,True,False,False,False,True
Mercedes-Benz B Class B180 Sports,0.007601071418739302,-0.6082203161722549,False,False,False,True,True,False,False,False,True,False,False
Maruti A-Star Vxi,-0.9414007814595824,0.02895197338695065,False,False,False,True,True,False,True,False,False,False,True
Maruti Celerio VXI,0.7193524610774805,-1.0330018425450587,False,False,False,True,True,False,True,False,False,False,False
Hyundai i20 Asta 1.2,-0.22964939180084112,0.2413427365733525,False,False,False,True,True,False,True,False,False,False,False
Chevrolet Optra 1.6 LS,-1.890402634337904,1.2183402472308011,False,False,False,True,True,False,True,False,True,False,False
Hyundai i10 Magna LPG,0.007601071418739302,0.4239987929136581,False,False,True,False,True,False,True,False,False,False,False
Hyundai EON Era Plus,1.1938533875166413,-1.019642463540634,False,False,False,True,False,False,True,False,False,False,False
Mahindra Scorpio LX,-0.9414007814595824,1.09090578931896,True,False,False,False,True,False,True,False,True,False,False
Jaguar XF 3.0 Litre S Premium Luxury,-0.22964939180084112,-0.3958295529858531,True,False,False,False,True,False,False,False,True,False,False
Maruti Baleno Delta 1.3,0.956602924297061,-1.0330018425450587,True,False,False,False,True,False,True,False,False,False,False
Maruti Alto LXi,-1.1786512446791628,0.45373349975975436,False,False,False,True,True,False,True,False,True,False,False
Honda WR-V i-VTEC VX,0.956602924297061,-0.8211208171903042,False,False,False,True,False,False,True,False,False,False,False
Hyundai Elite i20 Asta Option BSIV,1.4311038507362217,-1.2190561510963467,False,False,False,True,True,False,True,False,False,False,False
Maruti Swift VXI BSIII,-0.9414007814595824,15.673634350620993,False,False,False,True,False,False,True,False,False,False,False
Maruti Alto LX BSIII,-1.1786512446791628,1.09090578931896,False,False,False,True,True,False,True,False,False,False,True
Maruti Swift Dzire VDI,0.48210199785790014,-0.18343878979945122,True,False,False,False,True,False,True,False,False,False,False
BMW X1 sDrive20d M Sport,0.2448515346383197,-0.4383077056231334,True,False,False,False,False,False,False,False,False,False,False
Hyundai Getz GL,-1.6531521711183237,0.2413427365733525,False,False,False,True,True,False,True,False,False,False,True
Maruti Swift VDI BSIV,-0.704150318240002,0.878515026132558,True,False,False,False,True,False,True,True,False,False,False
Maruti Alto LXi BSIII,-1.1786512446791628,-0.8206110793586568,False,False,False,True,True,False,True,False,True,False,False
Honda Amaze VX i-VTEC,1.1938533875166413,-1.1710558386162198,False,False,False,True,False,False,True,False,False,False,False
Audi A6 2.0 TDI Premium Plus,0.007601071418739302,-0.21529740427741148,False,False,False,False,False,False,False,False,False,False,False
Hyundai Verna CRDi 1.6 EX,0.956602924297061,-0.784355976082738,True,False,False,False,True,False,True,False,False,False,False
Ambassador CLASSIC 1500 DSL AC,-1.890402634337904,-0.3958295529858531,True,False,False,False,True,False,True,False,True,False,False
Maruti Celerio VXI,0.7193524610774805,-1.0288814617392426,False,False,False,True,False,False,True,False,False,False,False
Mahindra Scorpio 1.99 S4,0.7193524610774805,-0.18343878979945122,True,False,False,False,True,False,True,False,False,False,False
Maruti Ritz VDi,0.007601071418739302,0.2413427365733525,True,False,False,False,False,False,True,False,False,False,False
Mahindra Thar 4X2,-0.46689985502042153,1.09090578931896,True,False,False,False,True,False,True,False,True,False,False
Mahindra KUV 100 G80 K2,1.1938533875166413,-1.3515879873246615,False,False,False,False,True,False,True,False,False,False,False
Renault KWID RXT,1.1938533875166413,,False,False,False,True,True,False,True,False,False,False,False
Hyundai i20 Magna 1.2,0.7193524610774805,-0.16219971348081103,False,False,False,True,True,False,True,False,False,False,False
Mahindra Scorpio S5 BSIV,1.6683543139558021,-1.2241535294128203,True,False,False,False,True,False,True,False,False,False,False
Maruti Wagon R LX BS IV,0.2448515346383197,-0.6082203161722549,False,False,False,True,False,False,True,False,False,False,False
Chevrolet Beat LT,0.007601071418739302,,False,False,False,True,True,False,True,False,False,False,False
Hyundai Santro LP zipPlus,-2.8394044872162256,-0.3958295529858531,False,False,False,True,True,False,True,False,False,False,True
Audi A6 2.8 FSI,-1.1786512446791628,0.02895197338695065,False,False,False,True,True,False,False,False,False,False,True
Mahindra KUV 100 D75 K4 Plus 5Str,0.7193524610774805,-0.7915772620310757,True,False,False,False,False,False,True,False,False,False,False
Toyota Innova 2.5 Z Diesel 7 Seater BS IV,0.2448515346383197,2.2165768342068897,True,False,False,False,True,False,True,False,False,False,True
Maruti Baleno Alpha 1.2,0.956602924297061,-0.6082203161722549,False,False,False,True,True,False,True,False,False,False,False
Hyundai Accent CRDi,-1.6531521711183237,3.7509726637707312,True,False,False,False,True,False,True,True,False,False,False
Hyundai i10 Sportz,-0.46689985502042153,-0.9268064609518577,False,False,False,True,True,False,True,False,False,False,False
Maruti Ciaz ZDi Plus,0.7193524610774805,0.08814527908700084,True,False,False,False,False,True,True,False,False,False,False
Honda Amaze S i-Vtech,0.48210199785790014,-0.5404251845631555,False,False,False,True,False,False,True,False,False,False,False
Maruti Zen VXi - BS III,-2.1276530975574843,0.878515026132558,False,False,False,True,True,False,True,False,True,False,False
Mahindra Verito 1.5 D4 BSIV,0.48210199785790014,1.09090578931896,True,False,False,False,True,False,True,False,False,False,True
Maruti Swift Star VDI,0.007601071418739302,-0.28963417139265213,True,False,False,False,True,False,True,False,False,False,False
Hyundai Creta 1.4 E Plus,1.1938533875166413,-0.3533514003485727,True,False,False,False,True,False,True,False,False,False,False
Maruti Swift Dzire VDi,-0.22964939180084112,1.5156873156917636,True,False,False,False,True,False,True,False,True,False,False
Maruti Omni BSIII 8-STR W/ IMMOBILISER,-1.1786512446791628,-0.3958295529858531,False,False,False,False,True,False,True,False,True,False,False
Honda Amaze SX i-VTEC,0.7193524610774805,,False,False,False,True,True,False,True,False,False,False,False
Maruti Alto K10 VXI AGS Optional,1.1938533875166413,-0.9268064609518577,False,False,False,True,True,False,False,False,False,False,False
Hyundai Accent GLS,-2.1276530975574843,0.878515026132558,False,False,False,True,True,False,True,False,True,False,False
Honda City 1.5 V AT Exclusive,-1.1786512446791628,0.17762550761743195,False,False,False,True,True,False,False,False,False,False,True
Renault KWID RXL,1.4311038507362217,-1.2453926057314606,False,False,False,True,True,False,True,False,False,False,False
Tata Nexon 1.5 Revotorq XZ,0.956602924297061,-0.8892982521731392,True,False,False,False,False,False,True,False,False,False,False
Hyundai Creta 1.6 CRDi SX,0.956602924297061,-0.6247655566244756,True,False,False,False,False,False,True,False,False,False,False
Tata Manza Aura (ABS) Quadrajet BS IV,-0.22964939180084112,1.8520293282737497,True,False,False,False,True,False,True,False,True,False,False
Ford Fiesta 1.5 TDCi Titanium,-0.46689985502042153,1.3789926205049954,True,False,False,False,False,False,True,False,False,False,False
Ford Ikon 1.6 ZXI NXt,-1.890402634337904,-0.9268064609518577,False,False,False,True,True,False,True,False,True,False,False
Maruti Wagon R LXI Minor,-0.9414007814595824,-0.3321123240299325,False,False,False,True,True,False,True,False,False,False,False
Hyundai EON D Lite Plus,-0.22964939180084112,0.02895197338695065,False,False,False,True,True,False,True,False,True,False,False
Maruti Ertiga SHVS VDI,0.7193524610774805,0.19886458393607215,True,False,False,False,True,False,True,False,False,False,True
Maruti Alto 800 VXI,1.1938533875166413,-1.3515879873246615,False,False,False,True,True,False,True,False,False,False,False
Tata New Safari Dicor EX 4X2 BS IV,-0.22964939180084112,0.878515026132558,True,False,False,False,True,False,True,True,False,False,False
Mahindra Scorpio S2 7 Seater,0.48210199785790014,1.09090578931896,True,False,False,False,True,False,True,False,False,False,False
Nissan Micra Diesel XV Primo,-0.22964939180084112,1.2820574761867216,True,False,False,False,True,False,True,False,False,False,False
Ford Figo 1.5D Titanium MT,0.956602924297061,-0.7118245304545817,True,False,False,False,False,False,True,False,False,False,False
Volkswagen Polo 1.2 MPI Comfortline,0.7193524610774805,-1.0330018425450587,False,False,False,True,True,False,True,False,False,False,False
Ford EcoSport 1.5 Diesel Trend Plus BSIV,0.956602924297061,-0.6082203161722549,True,False,False,False,False,False,True,False,False,False,False
Maruti Alto 800 LX,0.956602924297061,-0.18343878979945122,False,False,False,True,True,False,True,False,False,False,False
Chevrolet Beat Diesel LT,0.007601071418739302,0.02895197338695065,True,False,False,False,True,False,True,False,False,False,False
Maruti Omni E MPI STD BS IV,0.956602924297061,-0.3958295529858531,False,False,False,True,True,False,True,True,False,False,False
Ford Figo Diesel Celebration Edition,0.007601071418739302,0.2413427365733525,True,False,False,False,True,False,True,False,True,False,False
Mahindra Bolero Power Plus SLE,1.1938533875166413,-0.6082203161722549,True,False,False,False,True,False,True,False,False,False,False
Maruti Ritz LXI,-0.9414007814595824,-1.1391972241382595,False,False,False,True,True,False,True,False,False,False,False
Toyota Innova 2.5 Z Diesel 7 Seater BS IV,0.2448515346383197,0.45373349975975436,True,False,False,False,True,False,True,False,False,False,True
Toyota Yaris G,1.1938533875166413,,False,False,False,True,False,True,True,False,False,False,False
Chevrolet Beat Diesel LS,0.007601071418739302,-0.45417329563315767,False,False,False,False,False,False,True,False,False,False,False
Renault KWID RXT,0.7193524610774805,-0.18343878979945122,False,False,False,True,True,False,True,False,True,False,False
Nissan Sunny XL,-0.22964939180084112,0.2413427365733525,False,False,False,True,True,False,True,False,True,False,False
Maruti Ritz VDi,-0.22964939180084112,0.878515026132558,True,False,False,False,True,False,True,True,False,False,False
Toyota Etios GD,0.2448515346383197,0.49621165239703474,True,False,False,False,False,False,True,False,False,False,False
Hyundai Verna VTVT 1.6 SX,1.1938533875166413,-0.6082203161722549,False,False,False,True,True,False,True,False,False,False,False
Maruti Swift 1.3 VXi,-0.9414007814595824,-0.14096063716217083,False,False,False,False,False,False,True,False,True,False,False
BMW 5 Series 530i,-1.6531521711183237,0.878515026132558,False,False,False,True,True,False,False,False,True,False,False
Renault KWID RXL,0.7193524610774805,-0.6506984688095353,False,False,False,True,True,False,True,False,False,False,False
Hyundai i10 Sportz AT,-0.46689985502042153,1.3976830076653988,False,False,False,True,True,False,False,False,True,False,False
Maruti Swift 1.3 DLX,0.48210199785790014,-0.6082203161722549,True,False,False,False,True,False,True,False,True,False,False
Ford Endeavour 2.5L 4X2 MT,-0.9414007814595824,0.7723196445393572,True,False,False,False,True,False,True,False,False,False,False
Hyundai i10 Sportz 1.2 AT,0.007601071418739302,-0.05460255285057984,False,False,False,True,False,False,False,False,False,False,False
Hyundai Creta 1.6 CRDi SX,0.7193524610774805,0.34753811816655344,True,False,False,False,True,False,True,False,False,False,False
Maruti 800 AC,-1.6531521711183237,0.02895197338695065,False,False,False,True,True,False,True,False,True,False,False
Ford Endeavour 3.2 Titanium AT 4X4,0.7193524610774805,0.4856983096193079,True,False,False,False,False,False,False,False,False,False,False
Maruti S-Cross Zeta DDiS 200 SH,0.48210199785790014,,True,False,False,False,False,True,True,False,False,False,False
Mahindra Verito Vibe 1.5 dCi D4,0.007601071418739302,-0.18343878979945122,True,False,False,False,True,False,True,False,False,False,False
Tata New Safari DICOR 2.2 GX 4x2 BS IV,-0.22964939180084112,0.2413427365733525,True,False,False,False,True,False,True,False,False,False,False
Honda Brio E MT,-0.22964939180084112,0.3679701095850853,False,False,False,True,False,False,True,False,True,False,False
Mahindra Xylo D4,0.956602924297061,0.2413427365733525,True,False,False,False,True,False,True,False,False,False,False
Datsun GO Plus T Option Petrol,1.1938533875166413,-1.2453926057314606,False,False,False,True,True,False,True,False,False,False,False
Maruti Ertiga VXI CNG,0.007601071418739302,-0.263552585673362,False,False,False,False,False,False,True,False,False,False,False
Skoda Rapid 1.5 TDI Elegance,0.2448515346383197,1.09090578931896,True,False,False,False,True,False,True,False,True,False,False
Maruti Omni 8 Seater BSIV,0.2448515346383197,-0.24477724220768407,False,False,False,True,False,False,True,False,False,False,False
Ford Ecosport 1.5 Ti VCT AT Titanium,0.2448515346383197,-0.4383077056231334,False,False,False,True,False,False,False,False,True,False,False
Maruti Ciaz 1.4 Alpha,0.956602924297061,-0.7980339412319423,False,False,False,True,False,True,True,False,False,False,False
Hyundai Grand i10 1.2 Kappa Sportz BSIV,1.1938533875166413,-1.3303489110060212,False,False,False,True,True,False,True,False,False,False,False
Maruti Zen Estilo 1.1 VXI BSIII,-1.4159017078987433,0.2413427365733525,False,False,False,True,True,False,True,False,False,False,False
Maruti Wagon R LXI Minor,-1.1786512446791628,-0.8206110793586568,False,False,False,True,True,False,True,False,False,False,False
Hyundai i20 Asta Option 1.2,0.7193524610774805,-0.9268064609518577,False,False,False,True,True,False,True,False,False,False,False
Audi A6 2.0 TDI Premium Plus,0.007601071418739302,-0.21529740427741148,True,False,False,False,False,False,False,False,False,False,False
Maruti SX4 Vxi BSIV,-0.704150318240002,0.02895197338695065,False,False,False,True,True,False,True,False,False,False,False
Volkswagen Polo 1.2 MPI Comfortline,0.48210199785790014,-0.22205143054673906,False,False,False,True,False,False,True,False,False,False,False
Toyota Innova 2.5 G (Diesel) 7 Seater,0.007601071418739302,0.02895197338695065,True,False,False,False,True,False,True,False,True,False,False
Maruti Ertiga SHVS VDI,0.48210199785790014,-0.28963417139265213,True,False,False,False,False,False,True,False,False,False,False
Hyundai i20 Sportz 1.2,0.2448515346383197,0.2413427365733525,False,False,False,True,True,False,True,False,False,False,False
Hyundai Verna CRDi 1.6 AT SX Option,1.1938533875166413,-0.8206110793586568,True,False,False,False,True,False,False,False,False,False,False
Mahindra XUV500 W7,1.1938533875166413,-0.22591694243673158,True,False,False,False,True,False,True,False,False,False,False
Honda Amaze VX i-DTEC,0.007601071418739302,0.5386898050343151,True,False,False,False,True,False,True,False,True,False,False
Maruti Baleno Delta 1.2,1.1938533875166413,-1.287870758368741,False,False,False,True,True,False,True,False,False,False,False
Maruti Wagon R VXI,0.7193524610774805,-0.7568938504027363,False,False,False,True,False,False,True,False,False,False,False
Hyundai EON Magna Plus,1.1938533875166413,-1.3303489110060212,False,False,False,True,True,False,True,False,False,False,False
Hyundai Santro AT CNG,-1.890402634337904,0.878515026132558,False,False,False,False,True,False,True,False,True,False,False
Maruti Swift LDI,-0.22964939180084112,0.02895197338695065,True,False,False,False,True,False,True,False,False,False,False
Tata Indigo LS,-0.704150318240002,0.5811679576715955,True,False,False,False,True,False,True,False,True,False,False
Hyundai Santro Xing GLS,-0.704150318240002,0.45373349975975436,False,False,False,True,True,False,True,True,False,False,False
Chevrolet Beat LS,-0.22964939180084112,-0.3958295529858531,False,False,False,True,True,False,True,False,False,False,False
Maruti Swift VDI,0.007601071418739302,-0.07724340820625028,True,False,False,False,False,False,True,False,False,False,False
Maruti Baleno Delta Automatic,1.1938533875166413,-0.9268064609518577,False,False,False,True,True,False,False,False,False,False,False
Maruti Alto LXi,-0.9414007814595824,-1.0330018425450587,False,False,False,True,True,False,True,False,False,False,False
Maruti Alto LXi,-0.9414007814595824,1.09090578931896,False,False,False,True,True,False,True,False,False,False,False
Maruti Vitara Brezza VDi,0.7193524610774805,-0.6187761371026191,True,False,False,False,False,False,True,False,False,False,False
Maruti Wagon R LXI BS IV,0.956602924297061,-0.3958295529858531,False,False,False,True,True,False,True,False,False,False,False
Mahindra Scorpio VLS 2.2 mHawk,-1.1786512446791628,4.276767237114988,True,False,False,False,True,False,True,False,False,False,True
Chevrolet Beat Diesel LT,-0.46689985502042153,-0.26839509507401194,True,False,False,False,False,False,True,False,True,False,False
Hyundai Accent Executive,-0.46689985502042153,-0.18343878979945122,False,False,False,True,True,False,True,False,False,False,False
Hyundai i10 Magna 1.2,-0.704150318240002,0.45373349975975436,False,False,False,True,True,False,True,False,True,False,False
Maruti Wagon R Stingray LXI,0.2448515346383197,-0.29887316959126065,False,False,False,True,False,False,True,False,False,False,False
Chevrolet Beat LS,-0.46689985502042153,-0.18343878979945122,False,False,False,True,True,False,True,False,False,False,False
Toyota Innova 2.5 G (Diesel) 8 Seater,-0.46689985502042153,1.4137397493622907,True,False,False,False,False,False,True,False,False,False,False
Honda City 1.5 V MT,-0.704150318240002,0.984710407725759,False,False,False,True,True,False,True,False,True,False,False
Chevrolet Beat LT,0.7193524610774805,-0.3533514003485727,False,False,False,True,False,False,True,False,False,False,False
Hyundai i10 Era 1.1,-0.9414007814595824,-0.8708839730048781,False,False,False,True,True,False,True,False,False,False,False
Skoda Superb LK 1.8 TSI AT,-0.22964939180084112,-0.18343878979945122,False,False,False,True,False,False,False,False,False,False,False
Ford Figo Diesel Celebration Edition,0.007601071418739302,-0.3958295529858531,True,False,False,False,True,False,True,False,False,False,False
Ford Figo Diesel EXI,0.2448515346383197,0.44823257899322655,True,False,False,False,False,False,True,False,True,False,False
Ford Ecosport 1.5 DV5 MT Trend,1.1938533875166413,-0.6685180538408744,True,False,False,False,False,False,True,False,False,False,False
Nissan Micra Active XV,0.2448515346383197,-0.10188073673587289,False,False,False,True,False,False,True,False,False,False,False
Nissan Micra XL,-0.46689985502042153,-0.6082203161722549,False,False,False,True,True,False,True,False,True,False,False
Hyundai Getz GLE,-1.4159017078987433,-0.18343878979945122,False,False,False,True,True,False,True,False,False,False,False
Maruti A-Star Vxi,-0.9414007814595824,,False,False,False,True,True,False,True,False,True,False,False
Tata Sumo Gold EX,0.007601071418739302,0.45373349975975436,True,False,False,False,True,False,True,False,True,False,False
Maruti Wagon R VXI BS IV,-0.46689985502042153,-0.6082203161722549,False,False,False,True,True,False,True,False,True,False,False
Maruti S-Cross Zeta DDiS 200 SH,0.48210199785790014,-0.48133807424469843,True,False,False,False,False,True,True,False,False,False,False
Volkswagen Polo Petrol Comfortline 1.2L,-0.22964939180084112,-0.14096063716217083,False,False,False,True,True,False,True,False,True,False,False
Maruti Swift ZDi BSIV,0.7193524610774805,-0.4807858582604138,True,False,False,False,False,False,True,False,False,False,False
Hyundai Elite i20 Magna Plus BSIV,1.6683543139558021,-1.302738111791789,False,False,False,True,True,False,True,False,False,False,False
Mahindra Scorpio M2DI,-0.22964939180084112,0.878515026132558,True,False,False,False,True,False,True,True,False,False,False
Maruti Eeco 5 STR With AC Plus HTR CNG,-0.22964939180084112,0.02895197338695065,False,False,False,False,True,False,True,False,True,False,False
Hyundai i20 Active 1.2 S,0.956602924297061,-1.2453926057314606,False,False,False,True,True,False,True,False,False,False,False
Maruti Swift Dzire VDI,0.2448515346383197,-0.18343878979945122,True,False,False,False,True,False,True,False,True,False,False
Maruti Ignis 1.2 Delta BSIV,1.4311038507362217,-1.1391972241382595,False,False,False,True,True,False,True,False,False,False,False
Ford EcoSport 1.5 Diesel Titanium BSIV,1.4311038507362217,-1.0967190715009791,True,False,False,False,True,False,True,False,False,False,False
Maruti Swift Dzire VDI,0.007601071418739302,-0.1604368701463639,False,False,False,False,False,False,True,False,False,False,False
Maruti Gypsy King Hard Top Ambulance BSIV,-1.890402634337904,0.02895197338695065,False,False,False,True,True,False,True,False,True,False,False
Maruti Swift Dzire VDi,-0.9414007814595824,1.09090578931896,True,False,False,False,True,False,True,False,True,False,False
Maruti Wagon R LXI Minor,-1.1786512446791628,,False,False,False,True,True,False,True,False,False,False,True
Tata Sumo LX,-0.9414007814595824,-0.03948033051170803,True,False,False,False,True,False,True,False,False,False,False
Hyundai i20 Magna Optional 1.4 CRDi,-0.22964939180084112,0.2413427365733525,True,False,False,False,True,False,True,False,False,False,False
Maruti Eeco 7 Seater Standard BSIV,0.2448515346383197,-0.6274841583932615,False,False,False,True,False,False,True,False,False,False,False
Hyundai Santro Xing GLS,-0.704150318240002,0.45373349975975436,False,False,False,True,True,False,True,False,False,False,True
Mahindra Bolero Power Plus ZLX,1.1938533875166413,-0.7144156977654559,True,False,False,False,True,False,True,False,False,False,False
Honda City 1.5 V MT,-0.46689985502042153,-0.09848248452489047,False,False,False,True,True,False,True,False,True,False,False
Nissan Terrano XL Plus ICC WT20 SE,0.7193524610774805,-0.18343878979945122,True,False,False,False,True,False,True,False,False,False,False
Maruti Alto 800 LXI CNG,0.007601071418739302,-0.09612494705352141,False,False,False,False,False,False,True,False,False,False,False
Tata Tiago 1.2 Revotron XZ,1.4311038507362217,-1.406448521455709,False,False,False,True,True,False,True,False,False,False,False
Maruti Eeco CNG 5 Seater AC BSIV,1.4311038507362217,-1.2453926057314606,False,False,False,False,True,False,True,False,False,False,False
Volkswagen Polo Diesel Highline 1.2L,0.007601071418739302,0.6661242629461562,True,False,False,False,True,False,True,False,True,False,False
Maruti Alto K10 LXI,0.2448515346383197,-0.056004331887610094,False,False,False,True,False,False,True,False,False,False,False
Mahindra Bolero DI DX 7 Seater,-1.4159017078987433,1.09090578931896,True,False,False,False,False,False,True,False,True,False,False
Maruti Eeco 7 Seater Standard BSIV,0.956602924297061,-0.3745904766672129,False,False,False,True,False,False,True,False,False,False,False
Mahindra NuvoSport N8,0.7193524610774805,0.878515026132558,True,False,False,False,True,False,True,False,False,False,False
Maruti Swift Dzire ZXI,0.007601071418739302,-0.18343878979945122,False,False,False,True,True,False,True,False,True,False,False
Hyundai Verna 1.6 SX,-0.22964939180084112,-0.7144156977654559,True,False,False,False,True,False,True,False,False,False,False
Maruti 800 AC BSII,-4.9746586561924495,0.6661242629461562,False,False,False,True,True,False,True,True,False,False,False
Hyundai Grand i10 1.2 Kappa Sportz Option,0.007601071418739302,-0.5232640108976941,False,False,False,True,False,False,True,False,False,False,False
Maruti S-Cross Zeta DDiS 200 SH,1.1938533875166413,-0.3958295529858531,True,False,False,False,True,False,True,False,False,False,False
Hyundai EON Era Plus,0.007601071418739302,1.09090578931896,False,False,False,True,True,False,True,False,False,False,False
Mahindra XUV500 W8 2WD,0.2448515346383197,3.172335268545698,True,False,False,False,True,False,True,False,True,False,False
Maruti Zen Estilo Sports,-1.1786512446791628,1.09090578931896,False,False,False,True,True,False,True,False,False,False,False
Mahindra XUV500 W6 2WD,0.2448515346383197,0.28382088921063287,True,False,False,False,True,False,True,False,False,False,False
Hyundai i20 1.4 CRDi Sportz,-0.46689985502042153,0.26804025550588323,True,False,False,False,False,False,True,False,False,False,False
Ford Fiesta Titanium 1.5 TDCi,-0.22964939180084112,1.09090578931896,True,False,False,False,True,False,True,False,False,False,False
Volkswagen Jetta 2.0L TDI Highline AT,-0.22964939180084112,-0.28326244849706006,True,False,False,False,False,False,False,False,False,False,False
Tata Indica Vista Quadrajet LX,-0.46689985502042153,-1.2453926057314606,True,False,False,False,True,False,True,False,True,False,False
Honda CR-V Diesel 4WD,1.1938533875166413,,True,False,False,False,True,False,False,False,False,False,False
Hyundai i10 Sportz 1.2,-0.704150318240002,-0.18343878979945122,False,False,False,True,True,False,True,False,False,False,True
Maruti SX4 Vxi BSIII,-1.4159017078987433,0.45373349975975436,False,False,False,True,True,False,True,False,True,False,False
Skoda Laura 1.9 TDI MT Ambiente,-0.704150318240002,1.9404688420645675,True,False,False,False,True,False,True,False,False,False,False
Hyundai Verna 1.6 VTVT,-0.22964939180084112,-0.6082203161722549,False,False,False,True,True,False,True,False,False,False,False
Hyundai Grand i10 CRDi Sportz,0.48210199785790014,0.6661242629461562,True,False,False,False,True,False,True,False,False,False,False
Hyundai EON Era Plus,0.7193524610774805,-0.933985268747558,False,False,False,True,False,False,True,False,False,False,False
Honda Amaze VX i-VTEC,1.1938533875166413,-0.0037986822963925176,False,False,False,True,False,False,True,False,False,False,False
Maruti Alto LXi,-0.704150318240002,,False,False,False,True,True,False,True,False,False,False,False
Mercedes-Benz E-Class 280 CDI Elegance,-1.1786512446791628,0.63638955610006,True,False,False,False,False,False,False,False,False,False,False
Hyundai Grand i10 Sportz,0.2448515346383197,-0.4383077056231334,False,False,False,False,True,False,True,False,False,False,False
Mahindra Xylo D2 BS IV,-0.46689985502042153,0.878515026132558,True,False,False,False,True,False,True,False,True,False,False
Maruti Alto STD,-0.9414007814595824,0.02895197338695065,False,False,False,True,True,False,True,False,False,False,False
Honda City 1.5 EXI,-2.1276530975574843,2.7900318948101743,False,False,False,True,True,False,True,False,True,False,False
Ford Fiesta Petrol Trend,-0.22964939180084112,-0.18343878979945122,False,False,False,True,False,False,True,False,False,False,False
Renault KWID 1.0,0.956602924297061,-0.28963417139265213,False,False,False,True,True,False,True,False,False,False,False
Maruti Swift Vdi BSIII,-0.704150318240002,1.09090578931896,True,False,False,False,True,False,True,False,True,False,False
Honda City i DTEC V,0.2448515346383197,0.45373349975975436,True,False,False,False,True,False,True,False,True,False,False
Maruti Alto K10 VXI,0.7193524610774805,-1.0330018425450587,False,False,False,True,True,False,True,False,False,False,False
Audi A4 35 TDI Premium Plus,1.4311038507362217,-1.0967190715009791,True,False,False,False,False,False,False,False,False,False,False
Maruti Swift Dzire VXI 1.2 BS IV,1.1938533875166413,-0.6082203161722549,False,False,False,True,True,False,True,False,False,False,False
Chevrolet Spark 1.0 LS,-0.9414007814595824,-0.18343878979945122,False,False,False,True,True,False,True,False,False,False,True
Hyundai Santro LE,-2.602154023996645,,False,False,False,True,True,False,True,False,False,False,False
Tata Nano LX,0.007601071418739302,-0.6082203161722549,False,False,False,True,True,False,True,False,False,False,False
Maruti Baleno Vxi,-1.6531521711183237,1.09090578931896,False,False,False,True,True,False,True,False,False,False,True
Ford Figo 1.5D Titanium MT,0.7193524610774805,-0.9268064609518577,True,False,False,False,True,False,True,False,False,False,False
Maruti SX4 Vxi BSIV,0.007601071418739302,-0.7144156977654559,False,False,False,True,True,False,True,False,False,False,False
Maruti Alto LXi,-0.46689985502042153,0.02895197338695065,False,False,False,True,True,False,True,False,False,False,False
Maruti Swift VDI BSIV,0.48210199785790014,-0.7781329267213765,True,False,False,False,True,False,True,False,False,False,False
Toyota Innova 2.5 G (Diesel) 8 Seater BS IV,-0.46689985502042153,,True,False,False,False,True,False,True,False,False,False,False
Maruti Swift Dzire VDI,1.1938533875166413,-0.6460895892483904,True,False,False,False,True,False,True,False,False,False,False
Maruti Baleno Alpha 1.3,0.956602924297061,0.45373349975975436,True,False,False,False,True,False,True,False,False,False,False
Hyundai Accent GLX,-1.6531521711183237,0.878515026132558,False,False,False,True,True,False,True,False,True,False,False
Tata Nano LX,0.007601071418739302,-0.8636414479802218,False,False,False,True,True,False,True,False,False,False,False
Maruti Ritz VDi,-0.46689985502042153,-0.6082203161722549,True,False,False,False,True,False,True,False,True,False,False
Maruti Wagon R LXI,-1.890402634337904,0.02895197338695065,False,False,False,True,True,False,True,False,True,False,False
Hyundai Santro LS zipPlus,-2.602154023996645,,False,False,False,True,True,False,True,False,False,False,True
Ford Classic 1.4 Duratorq LXI,0.007601071418739302,-0.7144156977654559,True,False,False,False,True,False,True,False,False,False,False
Tata Indica Vista Aqua TDI BSIII,-0.9414007814595824,-0.8206110793586568,True,False,False,False,True,False,True,False,False,False,False
Honda Civic 1.8 V MT,-1.1786512446791628,0.13514735498015157,False,False,False,True,True,False,True,False,True,False,False
Fiat Punto 1.3 Emotion,0.007601071418739302,1.945863567449502,True,False,False,False,False,False,True,False,True,False,False
Maruti Alto 800 LXI,0.007601071418739302,-0.4595467819417736,False,False,False,True,False,False,True,False,False,False,False
Maruti Eeco 5 STR With AC Plus HTR CNG,-0.22964939180084112,0.13514735498015157,False,False,False,False,False,False,True,False,False,False,False
Ford Figo 1.5D Ambiente ABS MT,0.7193524610774805,-0.18343878979945122,True,False,False,False,True,False,True,False,True,False,False
Tata Tiago 1.05 Revotorq XM,0.956602924297061,-0.3958295529858531,True,False,False,False,True,False,True,False,False,False,False
Maruti Zen LXI,-3.3139054136553865,0.02895197338695065,False,False,False,True,True,False,True,False,True,False,False
Hyundai i10 Magna 1.1,-1.1786512446791628,-0.18343878979945122,False,False,False,True,True,False,True,True,False,False,False
Volkswagen Vento Diesel Highline,-0.22964939180084112,0.45373349975975436,True,False,False,False,True,False,True,False,True,False,False
Maruti Alto K10 VXI,0.7193524610774805,-0.8206110793586568,False,False,False,True,True,False,True,False,False,False,False
Datsun GO A,0.48210199785790014,-0.6082203161722549,False,False,False,True,True,False,True,False,True,False,False
Ford EcoSport 1.5 Diesel Trend BSIV,0.956602924297061,-0.3958295529858531,True,False,False,False,True,False,True,False,False,False,False
Maruti Swift ZXI,0.007601071418739302,0.45373349975975436,False,False,False,True,True,False,True,False,False,False,False
Tata Indigo LS,-1.4159017078987433,2.6838365132169737,True,False,False,False,True,False,True,False,False,False,True
Tata Manza Aura Quadrajet,-0.9414007814595824,-0.18343878979945122,True,False,False,False,True,False,True,False,False,False,True
Maruti Alto LXi,-1.4159017078987433,0.02895197338695065,False,False,False,True,True,False,True,False,True,False,False
Tata Indigo GLX,-1.6531521711183237,-0.6082203161722549,False,False,False,True,True,False,True,False,True,False,False
Volkswagen Vento Diesel Trendline,-0.46689985502042153,0.02895197338695065,True,False,False,False,True,False,True,False,False,False,False
Toyota Innova 2.5 GX (Diesel) 7 Seater BS IV,-0.704150318240002,1.7280780788781656,True,False,False,False,True,False,True,False,True,False,False
Hyundai Grand i10 1.2 Kappa Sportz BSIV,1.1938533875166413,-1.404685678121262,False,False,False,True,False,False,True,False,False,False,False
Hyundai Xcent 1.1 CRDi Base,0.7193524610774805,-0.3958295529858531,True,False,False,False,True,False,True,False,False,False,False
Mahindra Bolero 2011-2019 SLE,0.007601071418739302,-0.1367128218984428,True,False,False,False,False,False,True,False,False,False,False
Toyota Innova 2.5 Z Diesel 7 Seater BS IV,0.2448515346383197,0.6024070339902357,True,False,False,False,True,False,True,False,True,False,False
Skoda Octavia Elegance 2.0 TDI AT,0.2448515346383197,,True,False,False,False,True,False,False,False,False,False,True
Audi Q3 2.0 TDI Quattro Premium Plus,0.48210199785790014,1.253236049622327,True,False,False,False,False,False,False,False,False,False,False
Honda Jazz VX,-0.46689985502042153,-1.2141074463141035,False,False,False,True,False,False,True,False,False,False,False
Maruti Wagon R VXI BS IV,0.2448515346383197,-0.8206110793586568,False,False,False,True,True,False,True,False,False,False,False
Maruti Wagon R LXI Minor,-1.1786512446791628,0.45373349975975436,False,False,False,True,True,False,True,False,True,False,False
Hyundai i10 Magna 1.2,-0.704150318240002,-0.3958295529858531,False,False,False,True,True,False,True,False,False,False,False
Mahindra XUV500 W10 1.99 mHawk,0.7193524610774805,-0.07724340820625028,True,False,False,False,False,False,True,False,False,False,False
Isuzu D-Max V-Cross Standard,1.1938533875166413,-0.6082203161722549,True,False,False,False,True,False,True,False,False,False,False
Hyundai i10 Era,-0.9414007814595824,-0.3958295529858531,False,False,False,True,True,False,True,False,False,False,False
Honda City i-VTEC VX,1.1938533875166413,-0.8496024185336006,False,False,False,True,False,False,True,False,False,False,False
Honda Jazz 1.5 S i DTEC,0.7193524610774805,-0.07724340820625028,True,False,False,False,False,False,True,False,False,False,False
Maruti Swift Dzire ZXI,0.48210199785790014,0.878515026132558,False,False,False,True,True,False,True,False,True,False,False
Maruti Swift ZXI ABS,-1.4159017078987433,0.2413427365733525,False,False,False,True,True,False,True,False,True,False,False
Honda City i-DTEC SV,0.2448515346383197,-0.40317827339210255,True,False,False,False,False,False,True,False,False,False,False
Maruti Alto K10 2010-2014 VXI,-0.46689985502042153,0.45373349975975436,False,False,False,True,True,False,True,False,False,False,False
Hyundai Elantra CRDi S,0.007601071418739302,-0.3108732477112923,True,False,False,False,False,False,True,False,False,False,False
Hyundai Grand i10 1.2 Kappa Magna AT,0.956602924297061,-1.035338140940109,False,False,False,False,False,False,False,False,False,False,False
Hyundai Verna SX CRDi AT,-0.22964939180084112,0.030438708729255463,True,False,False,False,False,False,False,False,False,False,False
Maruti Wagon R VXI BS IV,1.1938533875166413,-1.1604363004568998,False,False,False,True,False,False,True,False,False,False,False
Hyundai i10 Magna 1.2 iTech SE,-0.22964939180084112,-0.18343878979945122,False,False,False,True,True,False,True,False,True,False,False
Maruti Swift Dzire VDi,-1.1786512446791628,0.28382088921063287,True,False,False,False,True,False,True,False,True,False,False
Hyundai Santro Xing XG,-2.1276530975574843,-0.22591694243673158,False,False,False,True,True,False,True,False,False,False,False
Maruti Celerio ZXI,0.956602924297061,-0.3958295529858531,False,False,False,True,True,False,True,False,False,False,False
Hyundai EON 1.0 Era Plus,1.1938533875166413,,False,False,False,True,True,False,True,False,False,False,False
Maruti Swift Dzire VDI,,1.7280780788781656,True,False,False,False,True,False,True,False,False,False,False
Hyundai Creta 1.6 CRDi SX Plus,0.7193524610774805,-0.18343878979945122,True,False,False,False,True,False,True,False,False,False,True
Tata Indica Vista Aqua 1.4 TDI,-0.704150318240002,0.45373349975975436,True,False,False,False,True,False,True,False,True,False,False
Nissan Terrano XL 110 PS,0.2448515346383197,1.09090578931896,True,False,False,False,True,False,True,False,False,False,True
Maruti Baleno Alpha 1.3,0.7193524610774805,-0.18343878979945122,True,False,False,False,False,False,True,False,False,False,False
Maruti Swift Dzire VDI,0.7193524610774805,-0.18343878979945122,True,False,False,False,True,False,True,False,False,False,False
Ford Aspire Titanium Plus BSIV,0.48210199785790014,-1.0945951638691152,False,False,False,True,False,False,True,False,True,False,False
Honda City i-VTEC VX,0.956602924297061,-0.7144156977654559,False,False,False,True,True,False,True,False,False,False,False
Hyundai Verna Transform CRDi VGT SX ABS,-0.704150318240002,1.4094919340985628,False,False,False,False,True,False,True,False,False,False,False
Hyundai Venue SX Opt Diesel,1.4311038507362217,-1.3515879873246615,True,False,False,False,False,False,True,False,False,False,False
Ford Ecosport 1.5 DV5 MT Titanium,0.2448515346383197,0.6980678337293911,True,False,False,False,False,False,True,False,False,False,False
Honda Amaze S i-Dtech,0.007601071418739302,0.578003335300118,True,False,False,False,False,False,True,False,False,False,False
Honda City i VTEC V,0.2448515346383197,-0.3958295529858531,False,False,False,True,True,False,True,False,False,False,False
Ford Figo 1.2P Titanium Plus MT,-0.22964939180084112,,False,False,False,True,False,False,True,False,False,False,False
Maruti Wagon R LXI Minor,-1.4159017078987433,-0.18343878979945122,False,False,False,True,True,False,True,False,False,False,True
Ford EcoSport 1.5 Petrol Titanium BSIV,0.956602924297061,-1.0542409188636988,False,False,False,True,True,False,True,False,False,False,False
Maruti Wagon R VXI Optional,0.956602924297061,0.02895197338695065,False,False,False,True,True,False,True,False,True,False,False
Hyundai i20 Asta 1.4 CRDi,0.2448515346383197,0.2413427365733525,True,False,False,False,True,False,True,False,True,False,False
Maruti Zen Estilo LXI BSIII,-1.1786512446791628,0.45373349975975436,False,False,False,True,True,False,True,False,False,False,True
Tata Manza Aqua Quadrajet BS IV,-0.704150318240002,,True,False,False,False,True,False,True,False,False,False,False
Maruti Wagon R LXI BS IV,0.007601071418739302,-0.2806075639572301,False,False,False,True,False,False,True,False,False,False,False
Volkswagen Polo Diesel Trendline 1.2L,-0.22964939180084112,0.45373349975975436,True,False,False,False,True,False,True,False,False,False,False
Ford Fiesta 1.5 TDCi Ambiente,0.2448515346383197,-1.0330018425450587,True,False,False,False,True,False,True,False,False,False,False
Nissan Evalia XV,0.2448515346383197,-0.8578856582978703,True,False,False,False,False,False,True,False,False,False,False
Maruti Alto K10 LXI,-0.704150318240002,-0.42768816746381333,False,False,False,True,True,False,True,False,False,False,False
Hyundai Grand i10 Asta Option,0.956602924297061,-0.8843283083145773,False,False,False,True,False,False,True,False,False,False,False
Maruti Esteem VX,-3.3139054136553865,-0.7144156977654559,False,False,False,True,True,False,True,False,True,False,False
Maruti Esteem AX,-3.7884063400945474,0.02895197338695065,False,False,False,True,True,False,False,False,False,False,False
Mahindra XUV500 W8 2WD,-0.22964939180084112,2.7900318948101743,True,False,False,False,True,False,True,False,False,False,False
Maruti 800 AC BSIII,-1.4159017078987433,-0.3533514003485727,False,False,False,True,True,False,True,False,False,False,False
Tata Bolt Revotron XM,0.48210199785790014,-0.8206110793586568,False,False,False,True,True,False,True,False,False,False,False
Honda City 1.5 S MT,-0.704150318240002,0.45373349975975436,False,False,False,True,True,False,True,False,True,False,False
Maruti Swift Dzire VXi,-0.46689985502042153,0.6661242629461562,False,False,False,True,True,False,True,False,True,False,False
Honda Amaze E i-Vtech,0.48210199785790014,0.2413427365733525,False,False,False,True,True,False,True,False,True,False,False
Mahindra Scorpio S10 7 Seater,0.48210199785790014,,True,False,False,False,True,False,True,False,False,False,False
Hyundai Grand i10 Sportz,0.2448515346383197,-0.9268064609518577,False,False,False,True,True,False,True,False,False,False,False
Honda Jazz 1.5 VX i DTEC,,1.1283715199450413,True,False,False,False,False,False,True,False,False,False,False
Maruti Swift VXI with ABS,-1.4159017078987433,1.09090578931896,False,False,False,True,True,False,True,False,True,False,False
Ford EcoSport 1.5 TDCi Titanium BSIV,1.1938533875166413,-0.8711600809970205,True,False,False,False,False,False,True,False,False,False,False
Mahindra XUV500 W6 2WD,0.2448515346383197,0.2413427365733525,True,False,False,False,True,False,True,False,True,False,False
Toyota Innova 2.5 G (Diesel) 8 Seater,0.48210199785790014,-0.31826444627017914,True,False,False,False,False,False,True,False,False,False,False
Ford Ikon 1.3 Flair,-1.890402634337904,0.2413427365733525,False,False,False,True,True,False,True,False,False,False,True
Maruti Swift Vdi BSIII,-0.9414007814595824,1.09090578931896,True,False,False,False,True,False,True,False,True,False,False
Tata Manza Aura Safire,-0.704150318240002,-0.3958295529858531,False,False,False,True,True,False,True,False,False,False,False
Chevrolet Beat Diesel,0.007601071418739302,-0.18343878979945122,True,False,False,False,True,False,True,False,True,False,False
Maruti Alto K10 VXI Airbag,1.1938533875166413,-0.9268064609518577,False,False,False,True,True,False,True,False,False,False,False
Ford Figo Diesel EXI,-0.22964939180084112,-0.8630892319959371,True,False,False,False,True,False,True,False,False,False,False
Maruti Alto K10 2010-2014 VXI,-0.46689985502042153,0.45373349975975436,False,False,False,True,True,False,True,False,True,False,False
Ford Figo Aspire 1.2 Ti-VCT Trend,0.7193524610774805,-1.1391972241382595,False,False,False,True,True,False,True,False,False,False,False
Volkswagen Vento 1.5 TDI Highline AT,0.7193524610774805,-0.41749341083086605,True,False,False,False,False,False,False,False,False,False,False
Hyundai Grand i10 1.2 Kappa Magna BSIV,0.956602924297061,-0.8949478464738975,False,False,False,True,True,False,True,False,False,False,False
Maruti Alto LX BSIII,-1.1786512446791628,1.09090578931896,False,False,False,True,True,False,True,False,False,False,False
Audi A6 2.0 TDI Premium Plus,0.2448515346383197,-0.7356547740840961,True,False,False,False,False,False,False,False,True,False,False
Maruti Ritz LDi,0.7193524610774805,0.6661242629461562,True,False,False,False,True,False,True,False,True,False,False
Hyundai Verna 1.6 CRDI SX Option,0.956602924297061,-0.6082203161722549,True,False,False,False,True,False,True,False,False,False,False
Tata Indica GLS BS IV,-1.6531521711183237,0.6661242629461562,False,False,False,True,True,False,True,False,True,False,False
Tata Altroz XZ,1.6683543139558021,-1.2453926057314606,False,False,False,True,True,False,True,False,False,False,False
Maruti Swift VXI,1.4311038507362217,-1.0330018425450587,False,False,False,True,True,False,True,False,False,False,False
Maruti Alto LXi BSIII,-1.1786512446791628,-0.18343878979945122,False,False,False,True,True,False,True,False,True,False,False
Maruti 800 Std,-3.551155876874967,-0.6082203161722549,False,False,False,True,True,False,True,True,False,False,False
Renault Duster 85PS Diesel RxL Optional,0.007601071418739302,2.577641131623773,True,False,False,False,True,False,True,False,True,False,False
Volkswagen Vento 1.5 TDI Highline,0.48210199785790014,1.303296552505362,True,False,False,False,True,False,True,False,False,False,False
Honda Brio 1.2 S MT,0.2448515346383197,-0.24715601875537177,False,False,False,True,False,False,True,False,False,False,False
Hyundai i10 Era 1.1 iTech SE,-0.46689985502042153,0.878515026132558,False,False,False,True,True,False,True,False,True,False,False
Maruti Eeco 5 STR With AC Plus HTR CNG,-0.704150318240002,0.2413427365733525,False,False,False,False,True,False,True,True,False,False,False
Chevrolet Beat Diesel LT,0.007601071418739302,0.2413427365733525,True,False,False,False,True,False,True,False,True,False,False
Ford Aspire Titanium Diesel BSIV,0.956602924297061,-1.0081521232522497,True,False,False,False,False,False,True,False,False,False,False
Tata Safari Storme VX,0.7193524610774805,0.02895197338695065,True,False,False,False,True,False,True,False,False,False,False
Chevrolet Enjoy 1.3 TCDi LS 8,0.48210199785790014,2.2590549868441703,True,False,False,False,True,False,True,False,False,False,False
Tata Manza Aqua Quadrajet BS IV,-0.22964939180084112,1.09090578931896,True,False,False,False,True,False,True,False,False,False,False
Hyundai i20 Asta 1.4 CRDi,0.007601071418739302,0.2413427365733525,True,False,False,False,True,False,True,False,True,False,False
Maruti Swift Dzire VDI,0.48210199785790014,0.5094011187909103,True,False,False,False,False,False,True,False,False,False,False
Ford Figo Diesel Titanium,-0.46689985502042153,0.6661242629461562,True,False,False,False,True,False,True,False,True,False,False
Honda Mobilio V i DTEC,0.48210199785790014,1.09090578931896,True,False,False,False,True,False,True,False,False,False,False
Ford Figo Titanium Diesel BSIV,-0.704150318240002,,True,False,False,False,False,False,True,False,True,False,False
Ford Fiesta 1.6 ZXi Leather,-1.6531521711183237,0.3137892258962342,False,False,False,True,True,False,True,False,False,False,False
Hyundai Grand i10 CRDi Sportz,0.48210199785790014,0.2413427365733525,True,False,False,False,True,False,True,False,True,False,False
Maruti Wagon R LXI Minor,-1.4159017078987433,0.2413427365733525,False,False,False,True,True,False,True,False,True,False,False
Volkswagen Vento Diesel Highline,-0.46689985502042153,1.09090578931896,True,False,False,False,True,False,True,False,True,False,False
Maruti 800 AC,0.2448515346383197,-0.7144156977654559,False,False,False,True,True,False,True,False,False,False,False
Honda City VX CVT,0.48210199785790014,-0.22591694243673158,False,False,False,True,False,False,False,False,False,False,False
Maruti Celerio VXI,0.48210199785790014,-0.18343878979945122,False,False,False,True,True,False,True,False,False,False,True
Toyota Innova 2.5 G (Diesel) 7 Seater,0.007601071418739302,0.09266920234287121,True,False,False,False,False,False,True,False,False,False,False
Maruti Alto LXi BSIII,-1.1786512446791628,0.7086024155834366,False,False,False,True,False,False,True,False,False,False,False
Mahindra Bolero Power Plus SLX,0.7193524610774805,0.5599288813529553,True,False,False,False,True,False,True,False,True,False,False
Datsun GO T BSIV,0.2448515346383197,-0.6082203161722549,False,False,False,True,True,False,True,False,False,False,False
Maruti Alto 800 LXI,0.007601071418739302,-0.3958295529858531,False,False,False,True,True,False,True,False,False,False,False
Ford Aspire Titanium Diesel BSIV,0.7193524610774805,1.8385425148114132,True,False,False,False,False,False,True,False,False,False,False
Renault KWID RXT,0.7193524610774805,-0.6082203161722549,False,False,False,True,True,False,True,False,False,False,False
Maruti Alto LX,-0.22964939180084112,0.2413427365733525,False,False,False,True,True,False,True,False,True,False,False
Honda Brio S MT,0.48210199785790014,-0.7181750142738552,False,False,False,True,False,False,True,False,True,False,False
Datsun GO Plus A Option Petrol,1.1938533875166413,-1.2453926057314606,False,False,False,True,True,False,True,False,True,False,False
Mahindra Scorpio 2.6 CRDe SLE,0.007601071418739302,,True,False,False,False,True,False,True,False,True,False,False
BMW 5 Series 525d Sedan,-0.9414007814595824,-0.502024934579054,True,False,False,False,True,False,False,False,False,False,True
Maruti Alto 800 CNG LXI Optional,1.4311038507362217,1.09090578931896,False,False,False,False,False,False,True,False,False,False,False
Mahindra Scorpio 1.99 S10,0.7193524610774805,0.02895197338695065,True,False,False,False,True,False,True,False,False,False,False
Ford Fiesta 1.4 ZXi Leather,-1.4159017078987433,2.152859605250969,False,False,False,True,True,False,True,False,False,False,False
Renault KWID 1.0 RXT Optional,0.956602924297061,-1.2453926057314606,False,False,False,True,True,False,True,False,False,False,False
Toyota Innova 2.5 GX (Diesel) 8 Seater,-0.22964939180084112,0.6661242629461562,True,False,False,False,True,False,True,False,False,False,False
Maruti Eeco 5 Seater AC BSIV,0.956602924297061,-0.8206110793586568,False,False,False,False,False,False,True,False,False,False,False
Hyundai Verna 1.6 CRDI SX Option,1.1938533875166413,-0.8206110793586568,True,False,False,False,False,False,True,False,True,False,False
Mahindra Marazzo M8 8Str,1.1938533875166413,-1.2453926057314606,True,False,False,False,True,False,True,False,False,False,False
Ford EcoSport 1.5 TDCi Titanium BSIV,0.48210199785790014,2.2590549868441703,True,False,False,False,True,False,True,False,False,False,True
Hyundai Verna 1.6 VTVT S,0.48210199785790014,-0.8206110793586568,False,False,False,True,True,False,True,False,False,False,False
Hyundai Grand i10 CRDi Magna,0.007601071418739302,0.09266920234287121,True,False,False,False,True,False,True,False,False,False,False
Mahindra Jeep CJ 500 DI,-1.6531521711183237,-1.4365230535229034,True,False,False,False,False,False,True,False,False,False,False
Maruti Alto LX BSIII,,0.02895197338695065,False,False,False,True,True,False,True,False,True,False,False
Maruti Wagon R LXI Minor,-0.9414007814595824,0.02895197338695065,False,False,False,True,True,False,True,False,False,False,False
Hyundai i10 Magna LPG,0.007601071418739302,0.45373349975975436,False,False,True,False,True,False,True,False,True,False,False
Kia Seltos HTK Plus AT D,1.4311038507362217,-1.2453926057314606,True,False,False,False,True,False,False,False,False,False,False
Maruti Alto 800 VXI,1.1938533875166413,-0.6082203161722549,False,False,False,True,True,False,True,False,False,False,False
Hyundai EON Magna Plus Option,1.1938533875166413,-0.9268064609518577,False,False,False,True,True,False,True,False,False,False,False
Honda Brio E MT,0.007601071418739302,0.02895197338695065,False,False,False,True,True,False,True,False,True,False,False
Ford Endeavour 3.2 Titanium AT 4X4,0.7193524610774805,1.2183402472308011,True,False,False,False,False,False,False,False,False,False,False
Mahindra XUV500 AT W10 AWD,0.7193524610774805,0.02895197338695065,True,False,False,False,True,False,False,False,True,False,False
Tata Nano LX SE,-0.22964939180084112,-1.0164778411691566,False,False,False,True,False,False,True,False,False,False,False
Skoda Yeti Ambition 4WD,-0.46689985502042153,0.2413427365733525,True,False,False,False,True,False,True,False,False,False,False
Honda Amaze SX i-VTEC,0.48210199785790014,0.02895197338695065,False,False,False,True,True,False,True,False,False,False,False
Fiat Punto 1.4 Emotion,-0.704150318240002,,False,False,False,True,True,False,True,True,False,False,False
Maruti Swift Dzire VDI,0.48210199785790014,2.152859605250969,True,False,False,False,True,False,True,False,False,False,False
Hyundai i20 Magna 1.4 CRDi (Diesel),0.2448515346383197,0.2413427365733525,True,False,False,False,True,False,True,False,True,False,False
Hyundai Xcent 1.2 VTVT S AT,0.48210199785790014,-0.5864502629456487,False,False,False,True,False,False,False,False,False,False,False
Toyota Corolla AE,-1.6531521711183237,1.5156873156917636,False,False,False,True,True,False,True,False,True,False,False
Renault KWID Climber 1.0 MT Opt BSIV,1.6683543139558021,-1.4365442925992222,False,False,False,True,False,False,True,False,False,True,False
Chevrolet Optra Magnum 2.0 LS,-0.9414007814595824,-0.056004331887610094,True,False,False,False,True,False,True,False,False,False,False
Fiat Linea Emotion,-0.704150318240002,0.6661242629461562,False,False,False,True,True,False,True,False,False,False,False
Maruti Alto K10 2010-2014 VXI,0.2448515346383197,-0.3958295529858531,False,False,False,True,True,False,True,False,False,False,False
Hyundai Grand i10 1.2 Kappa Sportz AT,1.1938533875166413,-0.7144156977654559,False,False,False,True,True,False,False,False,False,False,False
Maruti Alto LX BSIII,-1.6531521711183237,-0.11483657329024341,False,False,False,True,True,False,True,False,True,False,False
Chevrolet Beat LT,-0.22964939180084112,-1.2029144530941802,False,False,False,True,True,False,True,False,False,False,False
Hyundai Santro LP zipPlus,-2.3649035607770648,-0.24715601875537177,False,False,False,False,True,False,True,False,False,False,False
Hyundai Santro Xing XG,-1.890402634337904,-0.0029066410910096297,False,False,False,True,False,False,True,False,False,False,False
Maruti Ertiga SHVS VDI,0.956602924297061,-0.18343878979945122,True,False,False,False,True,False,True,False,True,False,False
Maruti Alto LX BSIII,-1.4159017078987433,0.6661242629461562,False,False,False,True,True,False,True,False,True,False,False
Maruti Wagon R VXI AMT1.2BSIV,0.956602924297061,-1.2508085701927139,False,False,False,True,False,False,False,False,False,False,False
Hyundai i20 Active 1.4 SX with AVN,0.48210199785790014,-0.8206110793586568,True,False,False,False,True,False,True,False,True,False,False
Mahindra Scorpio EX,0.007601071418739302,0.878515026132558,True,False,False,False,True,False,True,False,False,False,False
Hyundai Verna 1.6 SX CRDi (O),0.007601071418739302,-0.8418501556772969,True,False,False,False,True,False,True,False,False,False,False
Hyundai Grand i10 Nios Magna CRDi,1.6683543139558021,-1.428048662071766,True,False,False,False,True,False,True,False,False,False,False
Hyundai i10 Magna,-0.22964939180084112,-0.6082203161722549,False,False,False,True,False,False,True,False,False,False,False
Maruti 800 AC,-1.4159017078987433,1.09090578931896,False,False,False,True,True,False,True,False,False,False,False
Maruti Baleno Alpha,1.4311038507362217,,False,False,False,True,True,False,True,False,False,False,False
Maruti 800 AC,-2.602154023996645,0.02895197338695065,False,False,False,True,True,False,True,False,True,False,False
Maruti Alto K10 2010-2014 VXI,-0.704150318240002,0.02895197338695065,False,False,False,True,True,False,True,False,False,False,False
Maruti Wagon R LXI,-1.890402634337904,-0.6082203161722549,False,False,False,True,True,False,True,False,True,False,False
Maruti Alto 800 LXI,1.4311038507362217,-1.3515879873246615,False,False,False,True,True,False,True,False,False,False,False
Maruti S-Cross Alpha DDiS 200 SH,0.7193524610774805,-0.9905236899077783,True,False,False,False,False,False,True,False,False,False,False
Maruti SX4 S Cross DDiS 320 Zeta,0.7193524610774805,0.2413427365733525,True,False,False,False,True,False,True,False,False,False,False
Maruti Swift 1.3 VXi,-0.9414007814595824,,False,False,False,True,True,False,True,False,False,False,False
Tata Indica Vista Aqua 1.4 TDI,-1.1786512446791628,0.45373349975975436,True,False,False,False,True,False,True,False,False,False,True
Maruti Swift Dzire VDI,0.2448515346383197,0.45373349975975436,True,False,False,False,True,False,True,False,False,False,False
Mahindra Xylo D4,0.956602924297061,0.35690455082307376,True,False,False,False,False,False,True,False,False,False,False
Toyota Innova 2.5 V Diesel 8-seater,-0.9414007814595824,1.09090578931896,True,False,False,False,True,False,True,False,False,False,True
Maruti Celerio ZDi,0.48210199785790014,1.09090578931896,True,False,False,False,True,False,True,False,False,False,False
Maruti Alto 800 LXI,0.2448515346383197,-1.0330018425450587,False,False,False,True,True,False,True,False,False,False,False
Renault Duster 85PS Diesel RxL,0.7193524610774805,1.9404688420645675,True,False,False,False,True,False,True,False,False,False,False
Hyundai EON Magna Plus,-0.22964939180084112,-1.1394733321304018,False,False,False,True,False,False,True,False,False,False,False
Fiat Punto 1.3 Active,-0.704150318240002,0.2413427365733525,True,False,False,False,True,False,True,False,True,False,False
Hyundai i20 Asta 1.4 CRDi,0.007601071418739302,0.02895197338695065,True,False,False,False,True,False,True,False,True,False,False
Chevrolet Beat Diesel LS,-0.22964939180084112,0.6661242629461562,True,False,False,False,True,False,True,False,True,False,False
Honda City i DTEC S,0.2448515346383197,0.28382088921063287,True,False,False,False,True,False,True,False,False,False,False
Chevrolet Optra Magnum 2.0 LT,-0.46689985502042153,,True,False,False,False,True,False,True,False,True,False,False
Tata Indica Vista Quadrajet LX,-0.22964939180084112,0.878515026132558,True,False,False,False,True,False,True,False,False,False,False
Hyundai EON Era Plus,0.2448515346383197,-0.6082203161722549,False,False,False,True,True,False,True,False,True,False,False
Maruti Esteem Vxi - BSIII,-1.6531521711183237,0.878515026132558,False,False,False,True,True,False,True,False,False,False,False
Nissan Terrano XL 85 PS,0.2448515346383197,-0.8843283083145773,False,False,False,False,False,False,True,False,False,False,False
Hyundai Creta 1.6 SX Automatic,0.956602924297061,-0.9692846135891381,False,False,False,True,False,False,False,False,False,False,False
Mahindra Bolero DI,-1.4159017078987433,-0.3958295529858531,True,False,False,False,False,False,True,False,False,False,False
Volkswagen Jetta 2.0L TDI Highline AT,-0.22964939180084112,-0.28326244849706006,True,False,False,False,False,False,False,False,False,False,False
Mahindra Xylo D4,0.956602924297061,0.6597525400505642,True,False,False,False,True,False,True,False,False,False,False
Maruti Swift VXI BSIII,-0.46689985502042153,0.02895197338695065,False,False,False,True,True,False,True,False,True,False,False
Hyundai Santro Sportz BSIV,1.6683543139558021,-1.3515879873246615,False,False,False,True,True,False,True,False,False,False,False
Tata New Safari DICOR 2.2 EX 4x2,-0.9414007814595824,1.09090578931896,True,False,False,False,True,False,True,False,False,False,True
Mahindra Bolero Power Plus SLX,0.956602924297061,-0.3958295529858531,True,False,False,False,True,False,True,False,True,False,False
Mahindra Scorpio 1.99 S10,0.2448515346383197,1.4094919340985628,True,False,False,False,True,False,True,False,True,False,False
Toyota Fortuner 2.8 2WD AT BSIV,1.1938533875166413,-0.6082203161722549,True,False,False,False,True,False,False,False,False,False,False
Maruti Swift VDI,-0.22964939180084112,1.8555125367900067,True,False,False,False,True,False,True,False,False,False,False
Maruti Alto K10 VXI Airbag,0.956602924297061,-0.18343878979945122,False,False,False,True,True,False,True,False,False,False,False
Renault KWID RXL,0.7193524610774805,-0.18343878979945122,False,False,False,True,True,False,True,False,False,False,True
Nissan Micra Active XV Petrol,0.956602924297061,-0.8206110793586568,False,False,False,True,True,False,True,False,False,False,False
Toyota Innova 2.5 G (Diesel) 7 Seater,0.2448515346383197,1.6218826972849647,True,False,False,False,True,False,True,False,True,False,False
Mahindra KUV 100 mFALCON G80 K2,0.956602924297061,-0.8206110793586568,False,False,False,True,True,False,True,False,False,False,False
Chevrolet Sail Hatchback 1.3 TCDi LT ABS,0.2448515346383197,1.09090578931896,False,False,False,False,True,False,True,False,False,False,False
Mahindra Scorpio M2DI,-0.704150318240002,0.45373349975975436,True,False,False,False,True,False,True,False,False,False,False
Mitsubishi Pajero Sport 4X4,-0.22964939180084112,2.1076203726922658,True,False,False,False,False,False,True,False,True,False,False
Toyota Camry Hybrid 2.5,0.956602924297061,-1.0304956315394591,False,False,False,True,False,False,False,False,False,False,False
Ford Freestyle Titanium Diesel,1.6683543139558021,-1.4556382222096798,True,False,False,False,False,False,True,False,False,True,False
Maruti Swift ZXI BSIV,0.7193524610774805,-1.3069009707502426,False,False,False,True,False,True,True,False,False,False,False
Maruti Esteem Lxi,-1.890402634337904,-0.18343878979945122,False,False,False,True,True,False,True,False,False,False,False
Toyota Innova 2.0 VX 7 Seater,-0.704150318240002,1.09090578931896,False,False,False,True,True,False,True,False,False,False,True
Fiat Grande Punto Active (Diesel),-0.9414007814595824,0.5599288813529553,True,False,False,False,True,False,True,False,True,False,False
Hyundai Xcent 1.1 CRDi SX Option,0.7193524610774805,-0.8206110793586568,True,False,False,False,True,False,True,False,False,False,False
Maruti Omni MPI STD BSIV,0.48210199785790014,0.02895197338695065,False,False,False,True,True,False,True,False,False,False,False
Ford Figo Diesel Titanium,-0.704150318240002,0.45373349975975436,True,False,False,False,True,False,True,False,False,False,True
Maruti Celerio VXI Optional,0.956602924297061,-1.1604363004568998,False,False,False,True,False,False,True,False,False,False,False
Ford Figo Diesel Celebration Edition,0.007601071418739302,1.09090578931896,True,False,False,False,True,False,True,False,False,False,False
Hyundai Santro GLS I - Euro II,-1.4159017078987433,0.34753811816655344,False,False,False,True,False,False,True,False,False,False,False
Ford Ecosport 1.5 DV5 MT Ambiente,0.007601071418739302,-0.18343878979945122,True,False,False,False,True,False,True,False,True,False,False
Maruti Alto 800 LXI,0.2448515346383197,-0.9268064609518577,False,False,False,True,True,False,True,False,False,False,False
Honda City i DTEC VX,0.2448515346383197,0.45373349975975436,True,False,False,False,True,False,True,False,True,False,False
Ford Figo Trend,0.7193524610774805,-0.1658953127602544,False,False,False,True,False,False,True,False,False,False,False
Hyundai i20 1.2 Asta,-0.46689985502042153,0.11630829428551774,False,False,False,True,False,False,True,False,False,False,False
Ford Endeavour 4x4 XLT,-1.890402634337904,1.7280780788781656,True,False,False,False,True,False,True,False,True,False,False
Maruti Swift Dzire VDI,1.1938533875166413,-0.3958295529858531,True,False,False,False,True,False,True,False,False,False,False
Maruti Baleno Delta 1.2,1.4311038507362217,-1.3515879873246615,False,False,False,True,True,False,True,False,False,False,False
Tata Indica Vista Quadrajet VX,-0.46689985502042153,-0.848455508412394,True,False,False,False,True,False,True,False,False,False,False
Hyundai Santro LP zipPlus,-2.602154023996645,0.02895197338695065,False,False,False,True,True,False,True,False,True,False,False
Hyundai Verna SX Diesel,0.007601071418739302,-0.5588607028077351,True,False,False,False,False,False,True,False,True,False,False
Toyota Innova 2.5 V Diesel 8-seater,-0.9414007814595824,1.4732091630544832,False,False,False,False,True,False,True,False,False,False,True
Honda Amaze E i-DTEC,0.956602924297061,,True,False,False,False,True,False,True,False,False,False,False
Maruti Alto 800 LXI,0.956602924297061,-0.7144156977654559,False,False,False,True,True,False,True,False,False,False,False
Maruti Ritz VDI (ABS) BS IV,0.007601071418739302,-0.6082203161722549,True,False,False,False,True,False,True,False,False,False,False
Chevrolet Spark 1.0 LS,-0.46689985502042153,0.6661242629461562,False,False,False,True,True,False,True,False,False,False,True
Maruti Swift VDI BSIV,0.2448515346383197,0.45373349975975436,True,False,False,False,True,False,True,False,False,False,False
Ford Figo 1.5D Trend MT,0.7193524610774805,-0.4974160550179091,True,False,False,False,False,False,True,False,False,False,False
Chevrolet Sail LS ABS,0.2448515346383197,-0.6082203161722549,True,False,False,False,True,False,True,False,False,False,False
Mahindra Quanto C6,0.007601071418739302,0.878515026132558,True,False,False,False,True,False,True,False,False,False,False
Maruti Swift 1.3 VXI ABS,0.48210199785790014,-0.9353020914793138,False,False,False,True,False,False,True,False,False,False,False
Hyundai Grand i10 Sportz,0.2448515346383197,,False,False,False,True,True,False,True,False,False,False,False
Honda Amaze S i-Dtech,0.2448515346383197,-0.504679819118884,True,False,False,False,False,False,True,False,False,False,False
Maruti Swift Dzire VDI,1.4311038507362217,-0.7144156977654559,True,False,False,False,True,False,True,False,False,False,False
Audi Q5 2.0 TDI,-0.46689985502042153,2.278170155530946,True,False,False,False,False,False,False,False,False,False,False
Ford Figo Diesel Titanium,-0.22964939180084112,-0.10485420742048253,True,False,False,False,True,False,True,False,False,False,False
Hyundai i10 Asta AT,-0.46689985502042153,-0.3958295529858531,False,False,False,True,True,False,False,False,True,False,False
Maruti Alto LX,-1.6531521711183237,0.45373349975975436,False,False,False,True,True,False,True,False,True,False,False
Mahindra Renault Logan 1.4 GLX Petrol,-1.1786512446791628,0.45373349975975436,False,False,False,True,True,False,True,False,False,False,False
Mahindra Renault Logan 1.6 Petrol GLSX,-0.9414007814595824,-0.8206110793586568,False,False,False,True,True,False,True,False,True,False,False
Hyundai Creta 1.4 EX Diesel,1.6683543139558021,-1.2453926057314606,True,False,False,False,True,False,True,False,False,False,False
Chevrolet Cruze LTZ,-0.704150318240002,0.2822279584867349,True,False,False,False,True,False,True,False,False,False,False
Maruti 800 EX,-2.8394044872162256,-0.8206110793586568,False,False,False,True,True,False,True,False,False,False,False
Maruti Ciaz 1.4 Zeta,0.956602924297061,-0.4807858582604138,False,False,False,True,True,False,True,False,False,False,False
Tata Tiago NRG Petrol,1.4311038507362217,-1.2453926057314606,False,False,False,True,True,False,True,False,False,False,False
Fiat Punto EVO 1.3 Emotion,0.956602924297061,0.02895197338695065,True,False,False,False,True,False,True,False,False,False,False
Fiat Palio D 1.9 EL PS,-2.3649035607770648,-0.7144156977654559,True,False,False,False,True,False,True,False,True,False,False
Skoda Rapid 1.5 TDI AT Ambition BSIV,0.956602924297061,-0.6082203161722549,True,False,False,False,True,False,False,False,False,False,False
Hyundai Xcent 1.2 Kappa S,,0.02895197338695065,False,False,False,True,True,False,True,False,False,False,False
Renault Koleos 2.0 Diesel,-0.22964939180084112,0.2413427365733525,True,False,False,False,True,False,False,False,True,False,False
Maruti Alto LXI,-1.890402634337904,1.1758620945935208,False,False,False,True,True,False,True,False,True,False,False
Hyundai i20 Sportz Petrol,-0.704150318240002,-0.6082203161722549,False,False,False,False,True,False,True,False,False,False,False
Toyota Innova Crysta 2.4 VX MT,0.7193524610774805,1.5462715855906055,False,False,False,False,False,False,True,False,False,False,False
Tata Indica Vista Aqua 1.3 Quadrajet,-0.46689985502042153,0.2413427365733525,True,False,False,False,True,False,True,False,True,False,False
Maruti Ertiga VXI,0.48210199785790014,-1.2046560573523086,False,False,False,True,False,True,True,False,False,False,False
Maruti Alto 800 Std Optional,1.4311038507362217,-1.3515879873246615,False,False,False,True,True,False,True,False,False,False,False
Maruti Swift Dzire VXi,-0.46689985502042153,0.02895197338695065,False,False,False,True,True,False,True,False,True,False,False
Maruti Celerio X ZXI BSIV,1.4311038507362217,-1.1625602080887638,False,False,False,True,True,False,True,False,False,False,False
Hyundai Santro Xing GLS,-1.4159017078987433,0.34753811816655344,False,False,False,True,True,False,True,False,True,False,False
Hyundai Verna CRDi 1.6 EX,1.1938533875166413,-0.9480455372704979,True,False,False,False,True,False,True,False,False,False,False
Hyundai EON 1.0 Kappa Magna Plus,0.48210199785790014,0.02895197338695065,False,False,False,True,True,False,True,False,False,False,False
Hyundai EON Magna Plus,0.7193524610774805,-0.5296357337932862,False,False,False,True,True,False,True,False,False,False,False
BMW 3 Series 320d Sport,0.007601071418739302,2.0938786903141056,True,False,False,False,False,False,False,False,False,False,False
Maruti Alto 800 LXI,-0.22964939180084112,-0.3958295529858531,False,False,False,True,True,False,True,False,False,False,False
Hyundai EON Era Plus,0.007601071418739302,-0.7144156977654559,False,False,False,True,True,False,True,False,False,False,False
Mahindra Verito 1.5 D2 BSIII,0.2448515346383197,-0.8206110793586568,True,False,False,False,True,False,True,False,False,False,False
Maruti Swift Dzire VDI,0.48210199785790014,-0.3958295529858531,True,False,False,False,True,False,True,False,False,False,False
Hyundai i20 1.4 Asta Option,0.956602924297061,0.7935587208579974,True,False,False,False,True,False,True,False,False,False,False
Maruti Vitara Brezza ZDi Plus,,-0.6082203161722549,True,False,False,False,True,False,True,False,False,False,False
Toyota Fortuner 2.8 2WD AT BSIV,0.956602924297061,-0.24715601875537177,True,False,False,False,True,False,False,False,False,False,False
Honda City 1.5 GXI,,0.984710407725759,False,False,False,True,False,False,True,False,True,False,False
Maruti Ritz VDi,0.2448515346383197,1.3670137814612824,True,False,False,False,True,False,True,False,False,False,False
Maruti Swift 1.2 DLX,0.48210199785790014,-0.502024934579054,False,False,False,True,True,False,True,False,False,False,False
Hyundai Accent CRDi,-1.890402634337904,,True,False,False,False,True,False,True,False,True,False,False
Ford Figo Aspire 1.2 Ti-VCT Trend,1.1938533875166413,-0.7144156977654559,False,False,False,True,True,False,True,False,False,False,False
Toyota Etios GD SP,-0.46689985502042153,0.878515026132558,True,False,False,False,True,False,True,False,False,False,True
Fiat Avventura MULTIJET Emotion,0.48210199785790014,-0.3321123240299325,True,False,False,False,True,False,True,False,True,False,False
Mahindra Scorpio 2.6 CRDe,-1.6531521711183237,-0.3958295529858531,True,False,False,False,False,False,True,False,True,False,False
Hyundai i20 1.2 Sportz,-0.22964939180084112,0.45373349975975436,False,False,False,True,True,False,True,False,False,False,True
Hyundai Elite i20 Sportz Plus BSIV,1.4311038507362217,-1.2453926057314606,False,False,False,True,True,False,True,False,False,False,False
Hyundai Grand i10 Magna,0.956602924297061,-0.3265689251107674,False,False,False,True,False,False,True,False,False,False,False
Maruti Wagon R LXI Minor,-1.4159017078987433,-0.3958295529858531,False,False,False,False,True,False,True,False,False,False,False
Mahindra XUV500 W5 BSIV,1.1938533875166413,-0.7144156977654559,True,False,False,False,True,False,True,False,False,False,False
Hyundai Santro Xing XL eRLX Euro III,-1.890402634337904,-0.4595467819417736,False,False,False,True,True,False,True,False,False,False,False
Mahindra XUV500 W8 2WD,0.007601071418739302,0.6661242629461562,True,False,False,False,True,False,True,False,True,False,False
Tata Indica Vista Terra Quadrajet 1.3L BS IV,-0.704150318240002,0.39001627080383383,True,False,False,False,True,False,True,False,False,False,False
Maruti SX4 S Cross DDiS 320 Delta,0.7193524610774805,10.436099369520642,True,False,False,False,False,False,True,False,False,False,False
Maruti Swift Dzire AMT VXI,1.1938533875166413,-1.1646841157206278,False,False,False,True,True,False,False,False,False,False,False
Ford Endeavour 2.5L 4X2 MT,-0.46689985502042153,-0.3108732477112923,True,False,False,False,True,False,True,False,True,False,False
Maruti SX4 ZDI,-0.46689985502042153,0.7723196445393572,True,False,False,False,False,False,True,False,False,False,False
Maruti A-Star Lxi,-1.1786512446791628,-0.6082203161722549,False,False,False,True,True,False,True,False,False,False,False
Mahindra Xylo D2 BS IV,0.48210199785790014,-1.0330018425450587,True,False,False,False,True,False,True,False,False,False,False
Volkswagen Polo 1.5 TDI Highline,0.2448515346383197,0.2413427365733525,True,False,False,False,True,False,True,False,True,False,False
Maruti Alto LX BSIII,-1.1786512446791628,1.09090578931896,False,False,False,True,True,False,True,False,True,False,False
Maruti Wagon R AX,-0.22964939180084112,-0.8206110793586568,False,False,False,True,True,False,False,False,True,False,False
Maruti Vitara Brezza ZDi Plus,1.1938533875166413,-1.0330018425450587,True,False,False,False,True,False,True,False,False,False,False
Hyundai Xcent 1.2 Kappa S,0.7193524610774805,-0.9268064609518577,False,False,False,True,True,False,True,False,False,False,False
Maruti Wagon R LXI Minor,-1.4159017078987433,0.2413427365733525,False,False,False,True,True,False,True,False,False,False,False
Maruti Wagon R VXI,-3.076654950435806,0.2413427365733525,False,False,False,True,True,False,True,False,False,False,False
Maruti Alto LXi,-1.1786512446791628,1.303296552505362,False,False,False,True,True,False,True,True,False,False,False
Maruti Swift Dzire VDI,-0.22964939180084112,0.2413427365733525,True,False,False,False,True,False,True,False,False,False,False
Maruti Swift Dzire VDI,0.2448515346383197,1.09090578931896,True,False,False,False,True,False,True,False,False,False,False
Ford Figo Petrol ZXI,-0.22964939180084112,-0.8206110793586568,False,False,False,True,True,False,True,False,False,False,True
Mahindra Thar DI 4X2,1.1938533875166413,-1.3515879873246615,True,False,False,False,True,False,True,False,False,False,False
Chevrolet Beat LT,0.48210199785790014,-0.5445030872163343,False,False,False,True,False,False,True,False,False,False,False
Maruti Esteem Lxi - BSIII,-1.6531521711183237,0.45373349975975436,False,False,False,True,True,False,True,False,False,False,False
Toyota Etios Liva VD,0.48210199785790014,0.02895197338695065,True,False,False,False,True,False,True,False,False,False,False
Hyundai i20 1.4 CRDi Sportz,-0.22964939180084112,,True,False,False,False,True,False,True,False,True,False,False
Hyundai i10 Magna,-0.22964939180084112,-0.39956763041793375,False,False,False,True,False,False,True,False,False,False,False
Hyundai Santro Xing GLS,0.2448515346383197,-0.30343957099976826,False,False,False,True,False,False,True,False,False,False,False
Maruti Alto LXi BSIII,-1.1786512446791628,0.2413427365733525,False,False,False,True,False,False,True,False,False,False,False
Maruti Alto LXi,-0.22964939180084112,-0.18343878979945122,False,False,False,True,True,False,True,False,True,False,False
Mahindra Bolero SLX 2WD BSIII,-0.46689985502042153,1.7280780788781656,True,False,False,False,True,False,True,True,False,False,False
Hyundai Grand i10 Asta Option,0.956602924297061,-1.3515879873246615,False,False,False,True,True,False,True,False,False,False,False
Hyundai Creta 1.6 VTVT S,0.48210199785790014,-0.9268064609518577,False,False,False,True,True,False,True,False,False,False,False
Hyundai Verna 1.6 SX,-0.22964939180084112,0.36877719448519364,True,False,False,False,False,False,True,False,True,False,False
Ford Figo Aspire 1.5 TDCi Titanium,0.956602924297061,0.4247421605848105,True,False,False,False,False,False,True,False,False,False,False
Renault KWID RXT BSIV,1.4311038507362217,,False,False,False,True,True,False,True,False,False,False,False
Honda Brio S Option AT,-0.22964939180084112,0.13514735498015157,False,False,False,True,True,False,False,False,True,False,False
Hyundai i20 Magna 1.4 CRDi (Diesel),-0.22964939180084112,0.510781658751622,True,False,False,False,False,False,True,False,True,False,False
Maruti SX4 ZXI MT BSIV,-0.46689985502042153,0.878515026132558,False,False,False,True,True,False,True,False,False,False,True
Maruti Wagon R LXI Minor,-1.1786512446791628,0.6661242629461562,False,False,False,True,True,False,True,False,True,False,False
Hyundai Santro Xing XL eRLX Euro III,-1.4159017078987433,,False,False,False,True,True,False,True,False,True,False,False
Honda Amaze S i-Vtech,0.7193524610774805,-0.3958295529858531,False,False,False,True,True,False,True,False,False,False,False
Honda BR-V i-DTEC VX MT,0.7193524610774805,-0.536495955444207,True,False,False,False,False,False,True,False,False,False,False
Maruti Alto 800 LXI,1.1938533875166413,-1.1604363004568998,False,False,False,True,True,False,True,False,False,False,False
Ford EcoSport 1.5 Petrol Titanium Plus AT BSIV,0.48210199785790014,-0.43325280545929706,False,False,False,True,False,True,False,False,False,False,False
Maruti Ritz VDi,-0.22964939180084112,0.2413427365733525,True,False,False,False,True,False,True,False,True,False,False
Hyundai Grand i10 Sportz,0.48210199785790014,0.45373349975975436,False,False,False,True,True,False,True,False,False,False,False
Datsun GO Plus T BSIV,1.1938533875166413,-1.3643314331158456,False,False,False,True,True,False,True,False,True,False,False
Maruti Ertiga SHVS ZDI Plus,1.1938533875166413,-0.3958295529858531,True,False,False,False,True,False,True,False,False,False,False
Tata Nano LX SE,-0.22964939180084112,-0.7144156977654559,False,False,False,True,True,False,True,False,False,False,True
Maruti Baleno Delta 1.2,1.1938533875166413,-1.0330018425450587,False,False,False,True,True,False,True,False,False,False,False
Maruti Omni E MPI STD BS IV,,-1.3345967262697493,False,False,False,True,True,False,True,False,True,False,False
Jeep Compass 2.0 Longitude Option BSIV,0.956602924297061,-0.98971660500767,True,False,False,False,True,False,True,False,False,False,False
Skoda Superb 1.8 TFSI MT,-0.704150318240002,0.2413427365733525,False,False,False,True,True,False,True,False,True,False,False
Hyundai EON Magna Plus,1.1938533875166413,-1.0330018425450587,False,False,False,True,True,False,True,False,False,False,False
Fiat Palio 1.2 Sport,-1.4159017078987433,-0.3958295529858531,False,False,False,True,False,False,True,False,True,False,False
Hyundai Verna 1.6 CRDi AT SX,0.956602924297061,-0.7993720030400167,True,False,False,False,False,False,False,False,False,False,False
Honda Jazz S,,-0.3958295529858531,False,False,False,True,True,False,True,False,False,False,False
Maruti Omni BSIII 8-STR W/ IMMOBILISER,-1.1786512446791628,-0.3958295529858531,False,False,False,True,True,False,True,False,True,False,False
Mahindra Thar CRDe AC,0.2448515346383197,0.6661242629461562,True,False,False,False,True,False,True,False,True,False,False
Maruti Alto LXi,-1.1786512446791628,0.45373349975975436,False,False,False,True,True,False,True,False,True,False,False
Maruti Alto LXi,-0.22964939180084112,-0.3958295529858531,False,False,False,True,True,False,True,False,False,False,False
Honda Civic 1.8 V AT,-0.9414007814595824,-0.10910202268421056,False,False,False,True,False,False,False,False,False,False,False
Maruti Alto LXi,-1.4159017078987433,-0.5269596101771375,False,False,False,True,False,False,True,False,True,False,False
Ford Figo Petrol EXI,0.2448515346383197,0.45373349975975436,False,False,False,True,True,False,True,False,True,False,False
Mahindra Renault Logan 1.4 GLX Petrol,-1.1786512446791628,-0.9268064609518577,False,False,False,True,True,False,True,False,False,False,False
Maruti Wagon R VXI AMT,0.956602924297061,-1.035338140940109,False,False,False,True,False,False,False,False,False,False,False
Renault Duster 85PS Diesel RxE,0.2448515346383197,-0.2210107158071257,True,False,False,False,False,False,True,False,False,False,False
Tata New Safari DICOR 2.2 EX 4x2,-0.22964939180084112,1.5156873156917636,True,False,False,False,True,False,True,False,True,False,False
Tata Indica Vista TDI LS,0.2448515346383197,-0.9268064609518577,True,False,False,False,True,False,True,False,False,False,False
Tata Bolt Revotron XE,0.7193524610774805,0.45373349975975436,False,False,False,True,True,False,True,False,True,False,False
Mahindra Scorpio 1.99 S10,0.48210199785790014,-0.28963417139265213,True,False,False,False,True,False,True,False,True,False,False
Ford Figo Titanium,1.6683543139558021,-1.4556382222096798,False,False,False,True,False,False,True,False,False,True,False
Maruti Zen LX,-3.3139054136553865,0.02895197338695065,False,False,False,True,True,False,True,False,False,False,False
Maruti Ritz VXi,0.2448515346383197,-0.7144156977654559,False,False,False,True,True,False,True,False,False,False,False
Maruti Omni LPG CARGO BSIII W IMMOBILISER,-0.9414007814595824,0.45373349975975436,False,False,False,False,True,False,True,False,True,False,False
Mahindra KUV 100 mFALCON D75 K8 AW,0.7193524610774805,0.45373349975975436,True,False,False,False,True,False,True,False,False,False,False
Ford Ikon 1.4 TDCi DuraTorq,-0.9414007814595824,0.6661242629461562,True,False,False,False,True,False,True,False,False,False,True
Maruti Swift VDI BSIV,0.48210199785790014,0.02895197338695065,True,False,False,False,True,False,True,False,False,False,True
Ford Fiesta Diesel Trend,-0.22964939180084112,0.4801761497764614,True,False,False,False,False,False,True,False,False,False,False
Hyundai i10 Magna 1.1,-1.1786512446791628,0.45373349975975436,False,False,False,True,True,False,True,False,False,False,True
Ford Ecosport 1.5 DV5 MT Titanium,0.48210199785790014,1.6431217736036048,True,False,False,False,False,False,True,False,False,False,False
Mahindra TUV 300 T8,0.956602924297061,0.2413427365733525,True,False,False,False,True,False,True,False,False,False,False
BMW 7 Series 730Ld,-0.46689985502042153,0.6661242629461562,True,False,False,False,True,False,False,False,True,False,False
Hyundai Accent GLX,-1.1786512446791628,-0.18343878979945122,False,False,False,True,True,False,True,False,False,False,False
Mahindra Scorpio S10 7 Seater,0.2448515346383197,0.45373349975975436,True,False,False,False,True,False,True,False,False,False,False
Hyundai Xcent 1.2 CRDi S,1.1938533875166413,0.02895197338695065,True,False,False,False,True,False,True,False,True,False,False
Mahindra Bolero Power Plus ZLX,0.956602924297061,-0.8418501556772969,True,False,False,False,True,False,True,False,False,False,False
Tata Tigor 1.2 Revotron XT,1.1938533875166413,-0.6082203161722549,False,False,False,True,True,False,True,False,False,False,False
Tata Indigo CR4,0.007601071418739302,0.6661242629461562,True,False,False,False,True,False,True,False,False,False,False
Hyundai Elantra SX,0.48210199785790014,-0.4383077056231334,False,False,False,True,False,False,True,False,False,False,False
Honda Brio 1.2 E MT,0.956602924297061,-1.0330018425450587,False,False,False,True,True,False,True,False,False,False,False
Toyota Innova 2.5 G (Diesel) 7 Seater,0.007601071418739302,2.4926848263492123,True,False,False,False,True,False,True,False,False,False,True
Hyundai i10 Sportz 1.2,-0.704150318240002,-0.11972156084353065,False,False,False,False,True,False,True,False,True,False,False
Fiat Grande Punto 1.3 Dynamic (Diesel),-0.22964939180084112,0.6661242629461562,True,False,False,False,True,False,True,False,True,False,False
Tata Hexa XT,1.4311038507362217,-0.6082203161722549,True,False,False,False,True,False,True,False,False,False,False
Hyundai i10 Magna 1.2 iTech SE,-0.46689985502042153,0.2413427365733525,False,False,False,True,True,False,True,False,True,False,False
Maruti Wagon R LXI,-2.1276530975574843,-0.18343878979945122,False,False,False,True,True,False,True,False,False,False,True
Tata Indica Vista Aqua 1.4 TDI,-0.704150318240002,1.09090578931896,False,False,False,False,True,False,True,False,True,False,False
Hyundai Verna 1.6 VTVT S,0.956602924297061,-0.07902749061701606,False,False,False,True,True,False,True,False,False,False,False
Hyundai i20 Asta Option 1.4 CRDi,0.7193524610774805,0.2413427365733525,True,False,False,False,True,False,True,False,False,False,False
Hyundai Grand i10 1.2 CRDi Magna,0.7193524610774805,-0.5551226253756545,True,False,False,False,False,False,True,False,False,False,False
Skoda Laura L n K 1.9 PD,-1.6531521711183237,,True,False,False,False,True,False,True,False,False,False,False
Hyundai i20 1.2 Magna,-0.704150318240002,0.5811679576715955,False,False,False,True,True,False,True,False,False,False,True
Hyundai i20 1.2 Asta Option,0.956602924297061,,False,False,False,True,True,False,True,False,False,False,False
Hyundai Santro Xing XG,-1.890402634337904,0.2413427365733525,False,False,False,True,True,False,True,False,False,False,True
Maruti Ertiga 1.5 VDI,1.4311038507362217,-1.1391972241382595,True,False,False,False,True,False,True,False,False,False,False
Volkswagen Vento Petrol Highline,-0.46689985502042153,0.45373349975975436,False,False,False,True,True,False,True,False,True,False,False
Maruti Baleno Zeta 1.2,1.4311038507362217,-1.2241535294128203,False,False,False,True,True,False,True,False,False,False,False
Nissan Terrano XL 110 PS,0.007601071418739302,0.2413427365733525,True,False,False,False,True,False,True,False,False,False,False
Tata Indica DLS,-1.6531521711183237,,True,False,False,False,True,False,True,False,True,False,False
Chevrolet Cruze LTZ,0.48210199785790014,-1.3813226941707577,True,False,False,False,False,False,True,False,False,False,False
Honda Brio S MT,0.007601071418739302,-0.3958295529858531,False,False,False,True,True,False,True,False,False,False,True
Skoda Laura L n K 1.9 PD,-1.6531521711183237,0.13514735498015157,True,False,False,False,True,False,True,False,True,False,False
Chevrolet Beat Diesel LT,-0.22964939180084112,0.02895197338695065,True,False,False,False,True,False,True,False,True,False,False
Skoda Rapid 1.6 TDI Ambition,0.007601071418739302,1.09090578931896,True,False,False,False,True,False,True,False,False,False,True
Maruti Ertiga SHVS ZDI,0.7193524610774805,1.005142399144291,True,False,False,False,True,False,True,False,True,False,False
Ford Ecosport 1.0 Ecoboost Titanium Optional,0.007601071418739302,0.6661242629461562,False,False,False,True,True,False,True,False,False,False,False
Tata Nano CX SE,0.007601071418739302,-0.9268064609518577,False,False,False,True,True,False,True,False,False,False,True
Hyundai Creta 1.6 VTVT AT SX Plus,1.1938533875166413,-1.2092861759897722,False,False,False,True,False,False,False,False,False,False,False
Nissan Sunny Diesel XV,0.007601071418739302,0.7723196445393572,True,False,False,False,True,False,True,False,False,False,False
BMW 3 Series GT Luxury Line,0.956602924297061,-0.8206110793586568,True,False,False,False,True,False,False,False,False,False,False
Ford Endeavour 3.0L 4X4 AT,-0.46689985502042153,0.45373349975975436,True,False,False,False,True,False,False,False,True,False,False
Maruti Alto 800 LXI,0.7193524610774805,-0.6082203161722549,False,False,False,True,True,False,True,False,False,False,False
Hyundai EON Era Plus,0.956602924297061,-1.0330018425450587,False,False,False,False,True,False,True,False,False,False,False
Hyundai EON Magna Optional,0.48210199785790014,-0.9905236899077783,False,False,False,True,True,False,True,False,False,False,False
Renault KWID 1.0 RXL,0.956602924297061,-0.5445030872163343,False,False,False,True,True,False,True,False,True,False,False
Hyundai Verna 1.6 SX CRDi (O),0.007601071418739302,0.6661242629461562,True,False,False,False,True,False,True,False,True,False,False
Maruti Zen Estilo 1.1 LXI BSIII,-1.4159017078987433,0.45373349975975436,False,False,False,True,True,False,True,False,True,False,False
Maruti Alto LX,-0.46689985502042153,-0.9268064609518577,False,False,False,True,True,False,True,False,False,False,False
Datsun GO Plus A,0.48210199785790014,-0.502024934579054,False,False,False,True,True,False,True,False,True,False,False
Fiat Linea T Jet Emotion,1.1938533875166413,-1.433655778219887,False,False,False,True,False,False,True,False,False,False,False
Volkswagen Ameo 1.5 TDI Comfortline,0.956602924297061,0.6236461103088758,True,False,False,False,True,False,True,False,False,False,False
Hyundai i20 Asta 1.4 CRDi,0.48210199785790014,0.17762550761743195,True,False,False,False,True,False,True,False,True,False,False
Maruti Wagon R VXI BSIII,-2.1276530975574843,0.2413427365733525,False,False,False,True,True,False,True,False,True,False,False
Maruti Swift VXI,1.1938533875166413,-1.0860995333416592,False,False,False,True,True,False,True,False,False,False,False
Maruti Swift Dzire VDI,0.007601071418739302,-0.1604368701463639,True,False,False,False,False,False,True,False,False,False,False
Toyota Innova 2.5 G4 Diesel 7-seater,-1.1786512446791628,1.5156873156917636,True,False,False,False,True,False,True,False,True,False,False
Ford Fiesta Titanium 1.5 TDCi,-0.46689985502042153,0.2413427365733525,True,False,False,False,True,False,True,False,False,False,False
Ambassador Grand 1800 ISZ MPFI PW CL,-0.22964939180084112,-0.3958295529858531,False,False,False,True,True,False,True,False,True,False,False
Chevrolet Sail 1.2 Base,0.2448515346383197,-0.9268064609518577,False,False,False,True,True,False,True,False,False,False,False
Mahindra Bolero SLX,-0.46689985502042153,0.02895197338695065,True,False,False,False,True,False,True,False,False,False,True
Toyota Innova Crysta 2.4 VX MT 8S BSIV,0.956602924297061,0.6661242629461562,True,False,False,False,True,False,True,False,False,False,False
Hyundai i20 1.2 Era,-0.704150318240002,-0.7250352359247759,False,False,False,True,True,False,True,False,True,False,False
Ford Endeavour Titanium Plus 4X4,0.956602924297061,-0.18343878979945122,True,False,False,False,False,False,False,False,False,False,False
Maruti S-Cross Facelift,0.956602924297061,-0.6082203161722549,True,False,False,False,True,False,True,False,False,False,False
Maruti Swift Ldi BSIII,-0.9414007814595824,3.1695954277005933,True,False,False,False,False,False,True,False,False,False,False
Hyundai i20 Magna 1.4 CRDi,0.2448515346383197,0.2413427365733525,True,False,False,False,False,False,True,False,True,False,False
Tata Manza Aura (ABS) Safire BS IV,-0.704150318240002,0.1791759601886927,False,False,False,True,True,False,True,False,True,False,False
Toyota Innova 2.5 G (Diesel) 8 Seater BS IV,-1.890402634337904,1.09090578931896,True,False,False,False,True,False,True,False,True,False,False
Hyundai EON Era Plus,0.007601071418739302,-0.3214927858706124,False,False,False,True,True,False,True,False,False,False,True
Hyundai Santro Xing GL Plus,0.007601071418739302,0.2413427365733525,False,False,False,True,True,False,True,False,False,False,False
Honda Jazz 1.2 S i VTEC,0.956602924297061,-0.3958295529858531,False,False,False,True,True,False,True,False,False,False,False
Maruti Wagon R VXI,-0.22964939180084112,0.2413427365733525,False,False,False,True,False,False,True,False,False,False,False
Maruti Alto 800 VXI,0.2448515346383197,0.45373349975975436,False,False,False,True,True,False,True,False,False,False,False
Honda Brio 1.2 S MT,0.7193524610774805,-0.11122593031607458,False,False,False,True,True,False,True,False,False,False,False
Mahindra Bolero Power Plus Plus AC BSIV PS,0.48210199785790014,0.02895197338695065,True,False,False,False,True,False,True,False,True,False,False
Toyota Innova 2.5 G (Diesel) 7 Seater,0.007601071418739302,2.7900318948101743,True,False,False,False,True,False,True,False,False,False,False
Mahindra Renault Logan 1.5 DLE Diesel,-1.4159017078987433,0.878515026132558,True,False,False,False,True,False,True,False,True,False,False
Hyundai Verna SX Diesel,-0.704150318240002,0.19886458393607215,True,False,False,False,False,False,True,False,True,False,False
Skoda Rapid 1.6 MPI AT Ambition BSIV,0.956602924297061,-1.1391972241382595,False,False,False,True,True,False,False,False,False,False,False
Chevrolet Beat Diesel LT,0.7193524610774805,-0.7144156977654559,True,False,False,False,True,False,True,False,True,False,False
Maruti Swift Dzire 1.2 Vxi BSIV,-0.22964939180084112,0.45373349975975436,False,False,False,True,True,False,True,False,True,False,False
Tata Manza Aura (ABS) Safire BS IV,-0.704150318240002,-0.3958295529858531,False,False,False,True,True,False,True,False,True,False,False
Hyundai Santro Xing GLS,-1.1786512446791628,0.34753811816655344,False,False,False,True,True,False,True,False,False,False,False
Maruti Swift Dzire LDi,-0.22964939180084112,,True,False,False,False,True,False,True,False,True,False,False
Hyundai i10 Era,-1.1786512446791628,0.7086024155834366,False,False,False,True,True,False,True,False,True,False,False
Tata Harrier XZ BSIV,1.4311038507362217,-1.2453926057314606,True,False,False,False,True,False,True,False,False,False,False
Hyundai Santro Xing XO,-1.4159017078987433,-0.22591694243673158,False,False,False,True,False,False,True,False,True,False,False
Mahindra Scorpio VLX 2WD ABS AT BSIII,-0.9414007814595824,2.152859605250969,True,False,False,False,True,False,False,False,False,False,True
Hyundai Verna 1.6 CRDi SX,0.7193524610774805,-0.18343878979945122,True,False,False,False,True,False,True,False,False,False,False
Ford EcoSport 1.5 Diesel Titanium Plus BSIV,1.1938533875166413,-1.0330018425450587,True,False,False,False,True,False,True,False,False,False,False
Toyota Etios GD,0.48210199785790014,0.13514735498015157,True,False,False,False,False,False,True,False,True,False,False
Jaguar XF 2.2 Litre Luxury,0.2448515346383197,-0.8630892319959371,True,False,False,False,False,False,False,False,False,False,False
Maruti Alto K10 LXI,-0.704150318240002,-0.09848248452489047,False,False,False,True,False,False,True,False,False,False,False
Mahindra XUV500 W6 2WD,0.48210199785790014,-0.28963417139265213,True,False,False,False,True,False,True,False,False,False,False
Honda BR-V i-VTEC VX MT,0.956602924297061,-0.8068906360568152,False,False,False,True,False,False,True,False,False,False,False
Maruti Zen D PS,-2.3649035607770648,,True,False,False,False,True,False,True,False,False,False,True
Maruti Baleno Alpha 1.3,0.7193524610774805,-0.3958295529858531,True,False,False,False,True,False,True,False,False,False,False
Nissan Micra XL,0.7193524610774805,-0.7568938504027363,False,False,False,True,True,False,True,False,True,False,False
Ford Figo 1.5P Titanium AT,1.1938533875166413,-1.426944230103197,False,False,False,True,False,False,False,False,False,False,False
Maruti Swift Dzire VDI,1.1938533875166413,-1.0330018425450587,False,False,False,False,True,False,True,False,False,False,False
Tata Nano XM,0.48210199785790014,-0.18343878979945122,False,False,False,True,True,False,True,False,True,False,False
Honda Amaze VX AT i-Vtech,0.2448515346383197,-0.4807858582604138,False,False,False,True,False,False,False,False,False,False,False
Nissan Micra Diesel XV,-0.46689985502042153,1.09090578931896,True,False,False,False,True,False,True,False,True,False,False
Maruti Baleno Alpha 1.3,0.956602924297061,-1.1604363004568998,True,False,False,False,False,False,True,False,False,False,False
Maruti Swift VXI Optional,0.7193524610774805,-0.8206110793586568,False,False,False,True,True,False,True,False,False,False,False
Honda City S,0.007601071418739302,0.6021309259980934,False,False,False,True,False,False,True,False,False,False,False
Maruti Zen Estilo LXI BS IV,-0.9414007814595824,-0.07724340820625028,False,False,False,True,True,False,True,False,False,False,False
Maruti Ciaz ZXi Plus,0.48210199785790014,-0.056004331887610094,False,False,False,True,True,False,True,False,False,False,False
Tata Safari Storme VX Varicor 400,1.1938533875166413,-1.1391972241382595,True,False,False,False,True,False,True,False,False,False,False
Hyundai Creta 1.6 CRDi SX Option,0.48210199785790014,-0.18343878979945122,True,False,False,False,True,False,True,False,False,False,False
Mahindra Scorpio SLE BSIV,0.2448515346383197,0.6661242629461562,True,False,False,False,True,False,True,False,True,False,False
Tata Xenon XT EX 4X4,-0.704150318240002,0.02895197338695065,True,False,False,False,True,False,True,False,False,False,False
Maruti Alto K10 2010-2014 VXI,-0.22964939180084112,0.45373349975975436,False,False,False,True,True,False,True,False,False,False,False
Maruti Swift Dzire VDI,0.956602924297061,-0.72715914355664,True,False,False,False,False,False,True,False,False,False,False
Maruti Alto LX,-1.6531521711183237,0.6661242629461562,False,False,False,True,True,False,True,False,False,False,True
Maruti Zen LX,-2.8394044872162256,0.02895197338695065,False,False,False,True,True,False,True,False,False,False,False
Tata New Safari DICOR 2.2 GX 4x2 BS IV,-0.22964939180084112,0.6024070339902357,True,False,False,False,True,False,True,False,False,False,False
Hyundai i20 Asta 1.4 CRDi,0.007601071418739302,0.45373349975975436,True,False,False,False,True,False,True,False,False,False,False
Honda City i VTEC V,0.7193524610774805,1.4928553086492256,False,False,False,True,False,False,True,False,False,False,False
Renault KWID Climber 1.0 AMT BSIV,0.956602924297061,-1.2951345224697157,False,False,False,False,False,False,False,False,False,False,False
Maruti Celerio LXI MT BSIV,1.4311038507362217,-0.3958295529858531,False,False,False,True,True,False,True,False,False,False,False
Tata Indigo LS,-0.22964939180084112,0.02895197338695065,True,False,False,False,True,False,True,False,True,False,False
Tata Nano Std BSII,-0.9414007814595824,-0.3958295529858531,False,False,False,True,True,False,True,False,False,False,True
Maruti Celerio VXI AT,0.956602924297061,-0.3958295529858531,False,False,False,False,True,False,False,False,False,False,False
Maruti Swift VXI Optional,0.48210199785790014,-0.6082203161722549,False,False,False,True,True,False,True,False,False,False,False
Hyundai i20 2015-2017 Magna 1.2,0.48210199785790014,0.03698034423539664,False,False,False,True,False,False,True,False,False,False,False
Maruti 800 AC,-1.1786512446791628,-0.3958295529858531,False,False,False,True,True,False,True,False,True,False,False
Renault KWID 1.0 RXT Optional,0.956602924297061,-1.18167537677554,False,False,False,True,True,False,True,False,True,False,False
Maruti Ritz VDi,-0.46689985502042153,1.09090578931896,True,False,False,False,True,False,True,False,True,False,False
Fiat Grande Punto EVO 1.3 Dynamic,0.2448515346383197,0.02895197338695065,True,False,False,False,True,False,True,False,False,False,False
Chevrolet Beat LT Option,0.7193524610774805,-0.5869812398536147,False,False,False,True,False,False,True,False,False,False,False
Ford Ecosport 1.0 Ecoboost Titanium Optional,0.2448515346383197,-0.07216726896609528,False,False,False,True,False,False,True,False,False,False,False
Hyundai Santro Xing GLS,-0.22964939180084112,-0.3958295529858531,False,False,False,True,True,False,True,False,False,False,False
Hyundai Elite i20 Asta Option CVT BSIV,1.4311038507362217,-1.3940661399619418,False,False,False,True,True,False,False,False,False,False,False
Maruti Swift Vdi BSIII,-0.704150318240002,0.6661242629461562,True,False,False,False,True,False,True,False,False,False,True
Maruti Swift VXI,-0.22964939180084112,-0.18645473863669812,False,False,False,True,False,False,True,False,False,False,False
Maruti Ciaz VXi,0.2448515346383197,-1.1391972241382595,False,False,False,True,True,False,True,False,False,False,False
Mahindra Scorpio VLS AT 2.2 mHAWK,-0.46689985502042153,,True,False,False,False,True,False,False,False,True,False,False
Honda City S,-0.22964939180084112,-0.3958295529858531,False,False,False,True,True,False,True,False,True,False,False
Honda Civic 1.8 (E) MT,-1.6531521711183237,0.2413427365733525,False,False,False,True,True,False,True,False,True,False,False
Tata Nexon 1.5 Revotorq XZ,1.4311038507362217,-0.18343878979945122,True,False,False,False,True,False,True,False,False,False,False
Honda Brio 1.2 S Option MT,1.4311038507362217,-1.2666316820501007,False,False,False,True,True,False,True,False,False,False,False
Maruti Alto LXi,-1.6531521711183237,0.2413427365733525,False,False,False,True,True,False,True,False,False,False,True
Maruti Swift Dzire VDI,0.7193524610774805,-0.07724340820625028,False,False,False,False,False,False,True,False,False,False,False
Maruti Celerio VXI,0.956602924297061,0.5174507287156749,False,False,False,True,False,False,True,False,False,False,False
Maruti Swift Dzire AMT ZXI Plus BS IV,0.956602924297061,-1.287870758368741,False,False,False,True,True,False,False,False,False,False,False
Nissan Terrano XL Plus 85 PS,0.48210199785790014,-0.28963417139265213,True,False,False,False,False,False,True,False,False,False,False
Chevrolet Beat Diesel LS,-0.22964939180084112,0.34753811816655344,True,False,False,False,True,False,True,False,False,False,False
Maruti Alto 800 VXI,0.956602924297061,-0.6082203161722549,False,False,False,True,True,False,True,False,False,False,False
Maruti 800 AC BSII,-2.8394044872162256,,False,False,False,True,True,False,True,False,True,False,False
Mahindra TUV 300 mHAWK100 T8,0.956602924297061,-0.9268064609518577,True,False,False,False,True,False,True,False,False,False,False
Honda Mobilio S i DTEC,0.48210199785790014,0.751080568220717,True,False,False,False,True,False,True,False,True,False,False
Toyota Etios Liva GD,-0.22964939180084112,1.4572798558155031,True,False,False,False,True,False,True,False,True,False,False
Tata Nano Twist XE,0.48210199785790014,-0.952293352534226,False,False,False,True,True,False,True,False,True,False,False
Maruti Swift VDI BSIV,0.7193524610774805,0.02895197338695065,True,False,False,False,True,False,True,False,False,False,False
Hyundai Creta 1.6 CRDi SX,0.7193524610774805,,True,False,False,False,True,False,True,False,False,False,False
Mahindra XUV500 W6 2WD,0.007601071418739302,,True,False,False,False,True,False,True,False,False,False,False
Maruti Swift Dzire VDI,0.48210199785790014,0.6661242629461562,True,False,False,False,True,False,True,False,False,False,False
Mahindra Bolero SLX 2WD,-1.4159017078987433,0.6661242629461562,True,False,False,False,True,False,True,False,True,False,False
Honda City i-DTEC SV,0.2448515346383197,0.2413427365733525,True,False,False,False,False,False,True,False,False,False,False
Maruti Swift VDI,0.007601071418739302,0.2413427365733525,True,False,False,False,True,False,True,False,False,False,True
Renault KWID 1.0 RXT Optional,0.956602924297061,-0.18343878979945122,False,False,False,True,True,False,True,False,False,False,False
Maruti Alto K10 VXI,0.7193524610774805,-0.9268064609518577,False,False,False,True,True,False,True,False,False,False,False
Tata Indica Vista Terra 1.4 TDI,-0.46689985502042153,0.2413427365733525,True,False,False,False,True,False,True,False,False,False,False
Maruti Omni E MPI STD BS IV,1.1938533875166413,1.09090578931896,False,False,False,True,True,False,True,False,False,False,False
Mahindra Scorpio S2 7 Seater,0.956602924297061,1.09090578931896,True,False,False,False,True,False,True,False,False,False,False
Mahindra XUV500 W8 4WD,-0.22964939180084112,1.2183402472308011,True,False,False,False,True,False,True,False,True,False,False
Maruti Swift Dzire VDI,0.956602924297061,-0.47001764656686323,True,False,False,False,False,True,True,False,False,False,False
Maruti Swift VXi BSIV,0.956602924297061,-0.6294593924908951,False,False,False,True,False,False,True,False,False,False,False
Toyota Fortuner 3.0 Diesel,-0.704150318240002,2.8962272764033754,True,False,False,False,True,False,True,False,True,False,False
Ford Figo 1.2P Titanium MT,1.4311038507362217,-0.9268064609518577,False,False,False,True,True,False,True,False,False,False,False
Skoda Superb Elegance 2.0 TDI CR AT,-0.46689985502042153,0.09266920234287121,True,False,False,False,False,False,False,False,False,False,False
Toyota Innova 2.5 G (Diesel) 8 Seater BS IV,-0.9414007814595824,2.6201192842610532,True,False,False,False,True,False,True,False,False,False,False
Tata Nexon 1.2 Revotron XZ Plus Dual Tone,0.956602924297061,-1.1391972241382595,False,False,False,True,True,False,True,False,False,False,False
Chevrolet Cruze LTZ,0.2448515346383197,-0.3533514003485727,True,False,False,False,False,False,True,False,False,False,False
Datsun RediGO AMT 1.0 S,1.1938533875166413,,False,False,False,True,True,False,False,False,False,False,False
Mahindra XUV500 AT W8 FWD,0.48210199785790014,,True,False,False,False,True,False,False,False,True,False,False
Honda City 1.5 GXI,-2.1276530975574843,1.09090578931896,False,False,False,True,True,False,True,False,True,False,False
Maruti Alto LXi,-1.6531521711183237,0.13765356598575113,False,False,False,True,True,False,True,False,True,False,False
Tata Tiago 1.2 Revotron XZ,1.1938533875166413,-0.8206110793586568,False,False,False,True,True,False,True,False,False,False,False
Renault Duster 110PS Diesel RxZ Plus,-0.22964939180084112,0.02895197338695065,True,False,False,False,True,False,True,False,True,False,False
Tata Nexon 1.2 Revotron XM,1.1938533875166413,-1.2199057141490923,False,False,False,True,True,False,True,False,False,False,False
Honda Brio S MT,-0.22964939180084112,-0.6286310685144681,False,False,False,True,False,False,True,False,False,False,False
Maruti Swift Dzire ZDI,0.2448515346383197,0.02895197338695065,True,False,False,False,True,False,True,False,False,False,False
Mitsubishi Pajero Sport 4X4,-0.22964939180084112,1.09090578931896,True,False,False,False,True,False,True,False,True,False,False
Volkswagen Vento Diesel Style Limited Edition,-0.46689985502042153,0.6661242629461562,True,False,False,False,True,False,True,False,False,False,False
Hyundai Creta 1.6 SX,1.4311038507362217,-1.4322964773354943,False,False,False,True,True,False,True,False,False,False,False
Hyundai Verna XXi (Petrol),-1.4159017078987433,0.32629904184791325,False,False,False,True,True,False,True,False,True,False,False
Hyundai Getz 1.3 GLS,-1.1786512446791628,0.878515026132558,False,False,False,True,True,False,True,False,True,False,False
Hyundai Xcent 1.2 CRDi E,0.956602924297061,0.2413427365733525,False,False,False,False,True,False,True,False,False,False,False
Renault KWID RXT,0.956602924297061,-1.0330018425450587,False,False,False,True,True,False,True,False,False,False,False
Maruti Swift 1.2 DLX,0.48210199785790014,-0.6082203161722549,False,False,False,True,True,False,True,False,False,False,False
Maruti Swift VDI BSIV,0.48210199785790014,-0.18343878979945122,True,False,False,False,True,False,True,False,False,False,True
Hyundai Verna CRDi,-1.1786512446791628,0.45373349975975436,True,False,False,False,True,False,True,False,True,False,False
Honda City i-VTEC CVT ZX,1.1938533875166413,-0.9684775286890298,False,False,False,True,False,True,False,False,False,False,False
Toyota Innova 2.5 G4 Diesel 7-seater,-0.9414007814595824,2.577641131623773,True,False,False,False,True,False,True,False,True,False,False
Tata Indica GLS BS IV,-1.4159017078987433,-0.3958295529858531,False,False,False,True,True,False,True,False,True,False,False
Tata Aria Pure LX 4x2,0.2448515346383197,0.45373349975975436,True,False,False,False,True,False,True,False,True,False,False
Mahindra Scorpio 1.99 S10,0.2448515346383197,-0.3958295529858531,True,False,False,False,True,False,True,False,False,False,False
Volkswagen Polo 2015-2019 1.2 MPI Highline,0.956602924297061,-0.5232640108976941,False,False,False,True,False,False,True,False,False,False,False
Tata Indica DLE,-1.890402634337904,0.6661242629461562,False,False,False,False,True,False,True,False,False,False,False
Honda BR-V i-DTEC VX MT,0.956602924297061,-0.6082203161722549,True,False,False,False,False,False,True,False,False,False,False
Maruti Swift Dzire VDi,-0.9414007814595824,-0.3958295529858531,True,False,False,False,True,False,True,False,False,False,False
Maruti Omni 5 Str STD LPG,-3.551155876874967,-0.7144156977654559,False,False,True,False,True,False,True,False,True,False,False
Maruti Wagon R VXI BS IV with ABS,0.2448515346383197,-0.09848248452489047,False,False,False,True,True,False,True,False,True,False,False
Maruti Vitara Brezza VDi,0.956602924297061,-0.7764975178448411,True,False,False,False,False,True,True,False,False,False,False
Tata Indica Vista TDI LX,-0.46689985502042153,1.09090578931896,True,False,False,False,True,False,True,False,True,False,False
Tata Nano LX SE,0.007601071418739302,-0.9268064609518577,False,False,False,True,True,False,True,False,False,False,False
Honda Brio VX,0.956602924297061,,False,False,False,True,False,False,True,False,False,False,False
Tata Tigor 1.2 Revotron XZ Option,0.956602924297061,-1.0847614715335847,False,False,False,True,True,False,True,False,False,False,False
Mahindra TUV 300 T4 Plus,0.956602924297061,-0.18343878979945122,True,False,False,False,True,False,True,False,False,False,False
Maruti Wagon R LXI DUO BSIII,-1.4159017078987433,0.02895197338695065,False,False,True,False,True,False,True,False,False,False,True
Hyundai Grand i10 Sportz,0.7193524610774805,-0.9268064609518577,False,False,False,True,True,False,True,False,False,False,False
Ford Freestyle Titanium Plus,1.6683543139558021,-1.4363319018360359,False,False,False,True,False,False,True,False,False,True,False
Audi A4 35 TDI Premium,0.48210199785790014,-0.7144156977654559,True,False,False,False,True,False,False,False,False,False,True
Mercedes-Benz E-Class 220 CDI,-2.8394044872162256,0.6661242629461562,True,False,False,False,True,False,True,False,True,False,False
Tata Indigo CS eLX BS IV,0.007601071418739302,-0.389457830090261,True,False,False,False,True,False,True,False,False,False,False
Tata Nano Lx BSIV,-0.22964939180084112,-0.8227349869905208,False,False,False,True,True,False,True,False,False,False,False
Renault Duster 110PS Diesel RxL,0.48210199785790014,-0.584368833466422,True,False,False,False,False,False,True,False,False,False,False
Maruti Vitara Brezza VDi Option,1.1938533875166413,-0.8981337079216934,True,False,False,False,True,False,True,False,False,False,False
Hyundai i20 Asta 1.4 CRDi (Diesel),-0.9414007814595824,0.07143012602423102,True,False,False,False,True,False,True,False,True,False,False
Chevrolet Beat LT,0.7193524610774805,-0.6082203161722549,False,False,False,True,True,False,True,False,False,False,False
Hyundai Verna 1.6 SX,-0.22964939180084112,0.6661242629461562,True,False,False,False,True,False,True,False,False,False,False
Maruti Zen LXI,-3.551155876874967,1.09090578931896,False,False,False,True,True,False,True,False,True,False,False
Hyundai Xcent 1.1 CRDi SX Option,0.2448515346383197,-0.27158095652180797,True,False,False,False,False,False,True,False,False,False,False
Honda Jazz 1.2 VX i VTEC,0.7193524610774805,0.7814312082800537,False,False,False,True,False,False,True,False,False,False,False
Maruti Alto K10 2010-2014 VXI,-0.704150318240002,0.2413427365733525,False,False,False,True,True,False,True,False,True,False,False
Maruti Ertiga VDI,0.2448515346383197,0.878515026132558,True,False,False,False,True,False,True,False,True,False,False
Maruti Alto 800 LXI,0.48210199785790014,-0.3958295529858531,False,False,False,True,True,False,True,False,False,False,False
Maruti Swift ZDI Plus,0.48210199785790014,0.09266920234287121,True,False,False,False,False,False,True,False,True,False,False
Honda Amaze VX i-DTEC,0.007601071418739302,-0.3321123240299325,True,False,False,False,True,False,True,False,False,False,False
Nissan Terrano XE 85 PS,0.007601071418739302,1.09090578931896,True,False,False,False,True,False,True,False,False,False,False
Honda City i DTEC VX,0.2448515346383197,0.45373349975975436,True,False,False,False,False,False,True,False,False,False,False
Toyota Camry Hybrid,-1.6531521711183237,-0.14096063716217083,False,True,False,False,False,False,False,False,True,False,False
Maruti Zen Estilo VXI BSIV,-0.46689985502042153,-0.7568938504027363,False,False,False,True,True,False,True,False,False,False,False
Nissan Sunny XL,-0.22964939180084112,0.878515026132558,False,False,False,True,True,False,True,False,True,False,False
Hyundai i10 Sportz 1.2,-0.704150318240002,-0.18343878979945122,False,False,False,True,True,False,True,False,True,False,False
Mahindra Quanto C6,0.2448515346383197,0.4351705470572628,True,False,False,False,True,False,True,False,False,False,False
Renault Scala Diesel RxL,0.2448515346383197,-0.7144156977654559,True,False,False,False,True,False,True,False,False,False,False
Hyundai Santro Xing XO,-1.6531521711183237,0.878515026132558,False,False,False,True,True,False,True,False,False,False,False
Renault Duster 85PS Diesel RxL,0.007601071418739302,0.2413427365733525,True,False,False,False,True,False,True,False,True,False,False
Maruti Swift Dzire VDI,0.007601071418739302,-0.6719375451281755,True,False,False,False,False,False,True,False,False,False,False
Tata Indica Vista TDI LS,0.007601071418739302,2.365250368437371,True,False,False,False,True,False,True,False,False,False,True
Toyota Innova Crysta 2.4 GX MT 8S BSIV,1.1938533875166413,-1.3515879873246615,True,False,False,False,True,False,True,False,False,False,False
Hyundai Verna i (Petrol),-1.1786512446791628,0.45373349975975436,False,False,False,True,True,False,True,False,True,False,False
Maruti Vitara Brezza ZDi Plus,0.7193524610774805,0.34753811816655344,True,False,False,False,True,False,True,False,False,False,False
Tata New Safari DICOR 2.2 EX 4x2,-0.46689985502042153,0.16488206182624784,True,False,False,False,True,False,True,False,True,False,False
Maruti Wagon R LX BSIII,-0.9414007814595824,0.02895197338695065,False,False,False,True,True,False,True,True,False,False,False
Mahindra XUV500 W6 1.99 mHawk,0.7193524610774805,-0.6082203161722549,True,False,False,False,True,False,True,False,False,False,False
Maruti Alto 800 LXI,0.956602924297061,-0.3958295529858531,False,False,False,True,True,False,True,False,False,False,False
Chevrolet Aveo 1.4 LS,-0.704150318240002,,False,False,False,True,False,False,True,False,False,False,False
Hyundai Verna Transform VTVT,-0.704150318240002,0.02895197338695065,False,False,False,True,True,False,True,False,False,False,False
Maruti Wagon R Stingray VXI,0.007601071418739302,-0.07724340820625028,False,False,False,True,True,False,True,False,False,False,False
Mahindra Quanto C4,0.007601071418739302,1.7280780788781656,True,False,False,False,True,False,True,True,False,False,False
Tata Indica V2 DLS BSII,-0.704150318240002,,True,False,False,False,True,False,True,False,False,False,True
Audi A6 2.0 TDI  Design Edition,0.2448515346383197,0.7161210486002352,True,False,False,False,False,False,False,False,False,False,False
Tata New Safari DICOR 2.2 EX 4x2,-0.704150318240002,1.09090578931896,True,False,False,False,True,False,True,False,True,False,False
Mahindra XUV500 W8 2WD,0.48210199785790014,1.09090578931896,True,False,False,False,True,False,True,False,True,False,False
Toyota Fortuner 2.8 2WD AT BSIV,0.956602924297061,-1.0330018425450587,True,False,False,False,True,False,False,False,False,False,False
Mahindra XUV500 W6 2WD,0.007601071418739302,0.0736389899613696,True,False,False,False,False,False,True,False,True,False,False
Hyundai Verna 1.4 VTVT,0.48210199785790014,-0.9268064609518577,False,False,False,True,True,False,True,False,False,False,False
Maruti Wagon R LXI Minor,-1.1786512446791628,0.878515026132558,False,False,False,True,True,False,True,False,False,False,True
Chevrolet Tavera Neo 3 LS 7 C BSIII,0.48210199785790014,1.09090578931896,True,False,False,False,True,False,True,False,False,False,False
Volkswagen Jetta 2.0L TDI Highline,0.48210199785790014,-0.3423707978918357,True,False,False,False,False,False,True,False,False,False,False
Toyota Innova 2.5 VX 8 STR,-0.22964939180084112,0.8515626382842036,True,False,False,False,True,False,True,False,False,False,False
Tata Zest Quadrajet 1.3 75PS XE,0.7193524610774805,0.4212377129922349,False,False,False,False,True,False,True,False,False,False,False
Renault KWID 1.0 RXT Optional,,-1.0330018425450587,False,False,False,True,True,False,True,False,False,False,False
Maruti Alto 800 LXI,0.7193524610774805,-0.9268064609518577,False,False,False,True,True,False,True,False,False,False,False
Maruti Swift ZXi BSIV,0.956602924297061,-0.6506984688095353,False,False,False,True,False,False,True,False,False,False,False
Chevrolet Cruze LT,-0.22964939180084112,-0.5126444727383741,True,False,False,False,False,False,True,False,True,False,False
Maruti Wagon R LXI Minor,-0.704150318240002,0.2413427365733525,False,False,False,True,True,False,True,False,True,False,False
Datsun GO T Option BSIV,0.48210199785790014,-0.9268064609518577,False,False,False,True,False,False,True,False,False,False,False
Maruti Baleno Zeta 1.2,1.4311038507362217,-0.6082203161722549,False,False,False,False,True,False,True,False,False,False,False
Mahindra Bolero SLX 2WD BSIII,-0.46689985502042153,0.02895197338695065,True,False,False,False,True,False,True,False,True,False,False
Hyundai EON Era Plus,0.956602924297061,-1.0330018425450587,False,False,False,True,True,False,True,False,False,False,False
Maruti Swift Dzire VDI,1.4311038507362217,-0.6082203161722549,True,False,False,False,True,False,True,False,False,False,False
Hyundai Grand i10 CRDi Magna,0.956602924297061,-0.056004331887610094,True,False,False,False,False,False,True,False,False,False,False
Tata New Safari 4X2,-1.4159017078987433,,False,False,False,False,True,False,True,False,True,False,False
Mahindra Bolero DI DX 7 Seater,-1.4159017078987433,1.09090578931896,True,False,False,False,True,False,True,False,False,False,False
Honda City i DTec SV,0.2448515346383197,-0.6082203161722549,True,False,False,False,False,False,True,False,False,False,False
Maruti Zen Estilo LXI BS IV,-0.46689985502042153,0.02895197338695065,False,False,False,True,True,False,True,False,False,False,False
Maruti Swift Vdi BSIII,-0.9414007814595824,3.214813421182978,True,False,False,False,True,False,True,False,False,False,False
Maruti Alto LX,-0.22964939180084112,,False,False,False,True,True,False,True,False,True,False,False
Ford Ecosport 1.5 Petrol Ambiente,0.956602924297061,-1.3303489110060212,False,False,False,True,True,False,True,False,False,False,False
Maruti Alto LXi,-3.076654950435806,0.45373349975975436,False,False,False,True,True,False,True,False,True,False,False
Honda City 1.5 GXI,-1.4159017078987433,0.984710407725759,False,False,False,True,False,False,True,False,True,False,False
Tata Manza Club Class Quadrajet90 LS,0.2448515346383197,0.6661242629461562,True,False,False,False,True,False,True,False,False,False,False
Honda Jazz 1.2 V i VTEC,0.7193524610774805,-0.7951241877762886,False,False,False,True,False,False,True,False,False,False,False
Maruti Vitara Brezza LDi Option,0.956602924297061,0.07143012602423102,True,False,False,False,False,False,True,False,False,False,False
Hyundai Creta 1.6 CRDi SX,0.7193524610774805,-0.34060795455738857,True,False,False,False,True,False,True,False,False,False,False
Renault KWID RXL BSIV,0.956602924297061,-1.064860457023019,False,False,False,True,False,False,True,False,False,False,False
BMW X1 sDrive 20d Exclusive,-0.46689985502042153,-0.18343878979945122,True,False,False,False,True,False,False,False,False,False,False
Datsun GO Plus T Option BSIV,0.956602924297061,-1.0330018425450587,False,False,False,True,True,False,True,False,True,False,False
Mahindra Jeep Classic,-3.3139054136553865,-1.4148804347542092,True,False,False,False,True,False,True,False,True,False,False
Maruti Ciaz ZDi SHVS,0.48210199785790014,0.17762550761743195,True,False,False,False,True,False,True,False,False,False,False
Hyundai Xcent 1.2 Kappa S,0.7193524610774805,-0.9268064609518577,False,False,False,True,False,False,True,False,False,False,False
Tata Indica Vista Aura Plus 1.3 Quadrajet,-0.22964939180084112,0.45373349975975436,True,False,False,False,True,False,True,False,True,False,False
Hyundai Grand i10 Sportz,0.48210199785790014,-1.2029144530941802,False,False,False,True,True,False,True,False,False,False,False
Maruti SX4 ZXI MT BSIV,-0.46689985502042153,1.9404688420645675,False,False,False,True,True,False,True,False,True,False,False
Chevrolet Tavera Neo 3 10 Seats BSIV,-0.704150318240002,1.09090578931896,True,False,False,False,True,False,True,False,False,False,True
Mercedes-Benz New C-Class 220 CDI AT,0.007601071418739302,-0.7144156977654559,True,False,False,False,True,False,False,False,False,False,False
Maruti Wagon R LX Minor,0.007601071418739302,0.02895197338695065,False,False,False,True,True,False,True,True,False,False,False
Maruti Swift VDI BSIV,1.1938533875166413,-0.9268064609518577,True,False,False,False,True,False,True,False,False,False,False
Chevrolet Beat PS,0.7193524610774805,-0.9268064609518577,False,False,False,True,True,False,True,False,False,False,False
Chevrolet Tavera Neo 3 9 Str BSIII,0.7193524610774805,1.09090578931896,True,False,False,False,True,False,True,False,False,False,False
Mahindra TUV 300 T10,1.1938533875166413,0.02895197338695065,True,False,False,False,True,False,True,False,False,False,False
Mahindra Scorpio 2.6 CRDe,-1.6531521711183237,3.2665305720188673,True,False,False,False,True,False,True,False,True,False,False
Honda Jazz VX,,-1.0330018425450587,False,False,False,True,True,False,True,False,False,False,False
Maruti Swift VDI,-0.46689985502042153,0.02895197338695065,True,False,False,False,True,False,True,False,False,False,True
Honda Brio 1.2 VX MT,1.1938533875166413,-1.0330018425450587,False,False,False,True,True,False,True,False,False,False,False
Tata Indica GLS BS IV,-1.1786512446791628,2.7900318948101743,False,False,False,True,True,False,True,False,False,False,False
Mahindra XUV500 W10 2WD,1.1938533875166413,-1.0330018425450587,True,False,False,False,True,False,True,False,False,False,False
Maruti Swift VDI,0.7193524610774805,-0.28963417139265213,True,False,False,False,False,False,True,False,False,False,False
Honda Amaze VX O iDTEC,0.956602924297061,-1.1817390940044958,True,False,False,False,False,False,True,False,False,False,False
Maruti Wagon R LXI BS IV,-0.704150318240002,0.02895197338695065,False,False,False,True,True,False,True,False,False,False,False
Datsun RediGO S,0.7193524610774805,-0.9905236899077783,False,False,False,True,True,False,True,False,False,False,False
Hyundai i20 Magna 1.2,0.48210199785790014,-1.3515879873246615,False,False,False,True,True,False,True,False,False,False,False
Toyota Etios GD,0.7193524610774805,0.2413427365733525,True,False,False,False,True,False,True,False,True,False,False
Mahindra Bolero SLX,-1.6531521711183237,2.7900318948101743,True,False,False,False,True,False,True,False,False,False,True
Mahindra Supro VX 8 Str,0.956602924297061,1.9404688420645675,True,False,False,False,True,False,True,False,False,False,False
Maruti Wagon R VXI Minor,-0.704150318240002,0.02895197338695065,False,False,False,True,True,False,True,False,False,False,False
Maruti Swift VDI BSIV,0.2448515346383197,0.2413427365733525,True,False,False,False,True,False,True,False,False,False,False
Chevrolet Beat Diesel LT,-0.22964939180084112,1.1971011709121608,True,False,False,False,True,False,True,False,False,False,False
Maruti Swift VDI,-0.22964939180084112,-0.4807858582604138,True,False,False,False,True,False,True,False,False,False,False
Mahindra Scorpio SLE BS IV,0.2448515346383197,0.2413427365733525,True,False,False,False,False,False,True,False,False,False,False
Ford Figo 1.5D Trend MT,0.7193524610774805,-0.6082203161722549,True,False,False,False,True,False,True,False,False,False,False
Tata Tiago 1.2 Revotron XE,0.956602924297061,-0.3958295529858531,False,False,False,True,True,False,True,False,False,False,False
Mahindra Bolero 2011-2019 SLX,1.4311038507362217,-0.9480455372704979,True,False,False,False,True,False,True,False,False,False,False
Toyota Etios GD,0.2448515346383197,1.5156873156917636,True,False,False,False,True,False,True,False,True,False,False
Maruti Wagon R LXI BS IV,-0.46689985502042153,-0.07724340820625028,False,False,False,False,False,False,True,False,False,False,False
Tata Indica Vista Terra Quadrajet 1.3L,-0.46689985502042153,,True,False,False,False,True,False,True,False,False,False,True
Maruti Alto LX,-0.704150318240002,0.411255347122474,False,False,False,True,True,False,True,False,True,False,False
BMW 3 Series 320d Luxury Line,0.48210199785790014,-0.9480455372704979,True,False,False,False,True,False,False,False,False,False,False
Maruti Wagon R VXI BS IV,0.956602924297061,-0.8206110793586568,False,False,False,True,True,False,True,False,False,False,False
Tata Indica Vista Quadrajet VX,-0.22964939180084112,-0.6082203161722549,True,False,False,False,True,False,True,False,False,False,False
Maruti Ciaz 1.4 AT Zeta,1.4311038507362217,-1.1391972241382595,False,False,False,True,False,False,False,False,False,False,False
Chevrolet Beat Diesel PS,-0.22964939180084112,-0.013526179250329723,True,False,False,False,False,False,True,False,False,False,False
Hyundai Verna i (Petrol),-1.1786512446791628,0.45373349975975436,False,False,False,True,False,False,True,False,True,False,False
Audi A8 L 3.0 TDI quattro,-0.9414007814595824,-0.4595467819417736,True,False,False,False,False,False,False,False,True,False,False
Maruti Ritz VDi,-0.22964939180084112,0.45373349975975436,True,False,False,False,True,False,True,False,False,False,False
Hyundai Elite i20 Diesel Asta Option,1.4311038507362217,-0.6082203161722549,True,False,False,False,True,False,True,False,False,False,False
Maruti Wagon R LXI,-2.8394044872162256,1.0271885603630393,False,False,False,True,True,False,True,False,True,False,False
Maruti Swift VDI BSIV,0.48210199785790014,-0.18343878979945122,True,False,False,False,True,False,True,False,True,False,False
Volkswagen Jetta 2.0L TDI Comfortline,0.2448515346383197,-0.3533514003485727,True,False,False,False,False,False,True,False,True,False,False
Hyundai Elite i20 Sportz Plus Dual Tone BSIV,1.4311038507362217,-1.1391972241382595,False,False,False,True,True,False,True,False,False,False,False
Maruti Alto K10 2010-2014 VXI,-0.704150318240002,0.02895197338695065,False,False,False,True,True,False,True,False,False,False,True
Skoda Rapid 1.6 MPI Ambition With Alloy Wheel,0.48210199785790014,-0.9692846135891381,False,False,False,True,True,False,True,False,False,False,False
Hyundai Creta 1.4 CRDi S,0.7193524610774805,-0.18343878979945122,True,False,False,False,True,False,True,False,False,False,False
Maruti Swift Dzire ZDI,0.48210199785790014,0.4827248389346982,True,False,False,False,False,False,True,False,False,False,False
Hyundai Verna 1.6 SX CRDi (O),0.007601071418739302,1.09090578931896,True,False,False,False,True,False,True,False,False,False,False
Maruti Wagon R LXI,-1.890402634337904,0.02895197338695065,False,False,False,True,True,False,True,False,True,False,False
Maruti Swift Dzire VDI,1.4311038507362217,-1.0330018425450587,True,False,False,False,True,False,True,False,False,False,False
Maruti Zen Estilo LXI BSIII,-1.1786512446791628,-0.6082203161722549,False,False,False,True,True,False,True,False,False,False,False
Tata Safari Storme EX,0.007601071418739302,0.5599288813529553,True,False,False,False,False,False,True,False,False,False,False
Hyundai Elite i20 Petrol Asta Option,1.1938533875166413,-0.8843283083145773,False,False,False,True,False,False,True,False,False,False,False
Renault Pulse RxZ,0.48210199785790014,0.6661242629461562,True,False,False,False,True,False,True,False,False,False,False
Chevrolet Beat LT LPG,-0.46689985502042153,0.878515026132558,False,False,True,False,True,False,True,False,False,False,False
Maruti Alto 800 LXI,0.007601071418739302,-0.18343878979945122,False,False,False,True,True,False,True,False,True,False,False
Maruti Swift Dzire 1.2 Vxi BSIV,0.2448515346383197,-0.3533514003485727,False,False,False,True,False,False,True,False,True,False,False
Maruti Ritz VXi,-0.704150318240002,-0.5657421635349745,False,False,False,True,True,False,True,False,False,False,False
Maruti Zen Estilo 1.1 LXI BSIII,-1.4159017078987433,0.270355314824615,False,False,False,True,True,False,True,False,False,False,False
Hyundai i20 1.4 Asta Option,1.1938533875166413,-0.6082203161722549,True,False,False,False,True,False,True,False,False,False,False
Hyundai EON Sportz,-0.22964939180084112,0.2413427365733525,False,False,False,True,True,False,True,False,False,False,False
Toyota Etios VD,-0.46689985502042153,0.6661242629461562,True,False,False,False,True,False,True,False,True,False,False
Hyundai Grand i10 1.2 Kappa Magna BSIV,1.4311038507362217,-1.2581360515226445,False,False,False,True,True,False,True,False,False,False,False
Maruti Zen Estilo LXI BSIII,-1.4159017078987433,-1.2409111606282275,False,False,False,True,True,False,True,False,False,False,False
Maruti A-Star Vxi,-0.704150318240002,0.02895197338695065,False,False,False,True,True,False,True,False,True,False,False
Mahindra Bolero DI,-0.46689985502042153,0.878515026132558,True,False,False,False,True,False,True,False,False,False,False
Hyundai Verna 1.6 SX,-0.22964939180084112,3.533399565962581,True,False,False,False,True,False,True,False,True,False,False
Hyundai Elite i20 Sportz Plus CVT BSIV,1.4311038507362217,-1.287870758368741,False,False,False,True,False,False,False,False,False,False,False
Chevrolet Cruze LTZ,-0.46689985502042153,0.45373349975975436,True,False,False,False,True,False,True,False,True,False,False
Tata Tiago NRG Petrol,1.4311038507362217,-1.287870758368741,False,False,False,True,True,False,True,False,False,False,False
Fiat Linea Classic 1.3 Multijet,0.48210199785790014,1.303296552505362,True,False,False,False,True,False,True,False,False,False,False
Honda Amaze EX i-Dtech,0.48210199785790014,-0.6082203161722549,True,False,False,False,True,False,True,False,False,False,True
Mahindra Bolero Power Plus SLX,0.956602924297061,1.09090578931896,True,False,False,False,True,False,True,False,False,False,False
Tata Hexa XT,0.956602924297061,-1.1094625172921633,True,False,False,False,True,False,True,False,False,False,False
Tata Nano Cx BSIII,-0.704150318240002,-1.2453926057314606,False,False,False,True,True,False,True,False,False,False,False
Honda City i DTEC SV,0.2448515346383197,0.056945075974918415,True,False,False,False,False,False,True,False,False,False,False
BMW X1 sDrive20d,-0.22964939180084112,1.09090578931896,True,False,False,False,True,False,False,False,True,False,False
Maruti Omni 8 Seater BSII,0.48210199785790014,0.02895197338695065,False,False,False,True,False,False,True,False,False,False,False
Maruti Zen Estilo VXI BSIV,-0.704150318240002,-0.3958295529858531,False,False,False,True,True,False,True,False,True,False,False
Maruti Wagon R DUO LPG,0.2448515346383197,,False,False,True,False,True,False,True,False,False,False,False
Skoda Superb Ambition 2.0 TDI CR AT,-0.46689985502042153,1.3117921830328179,True,False,False,False,False,False,False,False,True,False,False
Maruti Ertiga ZXI AT Petrol,1.4311038507362217,-1.2241535294128203,False,False,False,True,True,False,False,False,False,False,False
Tata Indica Vista Quadrajet VX,-0.22964939180084112,2.471445750030572,True,False,False,False,True,False,True,False,True,False,False
Maruti Ciaz VDI SHVS,0.956602924297061,-0.2780588747989932,True,False,False,False,False,False,True,False,False,False,False
Tata Indigo GLX,-1.6531521711183237,0.878515026132558,False,False,False,True,True,False,True,False,True,False,False
Hyundai EON 1.0 Era Plus,0.2448515346383197,-0.07724340820625028,False,False,False,True,False,False,True,False,False,False,False
Ford Fiesta Titanium 1.5 TDCi,0.007601071418739302,0.13514735498015157,True,False,False,False,True,False,True,False,True,False,False
Hyundai Santro Xing GL Plus,,-0.5716253876752379,False,False,False,True,True,False,True,False,True,False,False
Maruti Zen LXI,-1.6531521711183237,0.02895197338695065,False,False,False,True,True,False,True,False,False,False,False
Maruti Wagon R VXI,-1.890402634337904,0.6661242629461562,False,False,False,True,True,False,True,False,False,False,True
Chevrolet Beat LS,-0.46689985502042153,0.2413427365733525,False,False,False,True,True,False,True,False,True,False,False
Tata Indica Vista Aqua 1.4 TDI,-0.46689985502042153,-0.3108732477112923,True,False,False,False,True,False,True,False,False,False,False
Tata Nano Twist XE,0.2448515346383197,-0.5144285551491399,False,False,False,True,False,False,True,False,False,False,False
Hyundai Santro Xing GL Plus,-1.1786512446791628,,False,False,False,True,True,False,True,False,True,False,False
Maruti Alto K10 LXI,0.48210199785790014,1.09090578931896,False,False,False,True,True,False,True,True,False,False,False
Maruti Alto K10 LXI CNG,1.6683543139558021,-0.6082203161722549,False,False,False,False,True,False,True,False,False,False,False
Hyundai Verna CRDi 1.6 SX Option,1.1938533875166413,-0.8964345818162023,True,False,False,False,False,False,True,False,False,False,False
Hyundai Xcent 1.2 VTVT S,1.4311038507362217,0.2413427365733525,False,False,False,True,True,False,True,False,False,False,False
Volkswagen Jetta 1.9 TDI Comfortline DSG,-0.9414007814595824,1.3882528577799225,True,False,False,False,True,False,False,False,False,False,False
Maruti Swift VDI BSIV,0.48210199785790014,1.5156873156917636,True,False,False,False,True,False,True,False,False,False,True
Maruti Alto LXI,-2.1276530975574843,-0.3958295529858531,False,False,False,True,True,False,True,False,True,False,False
Datsun RediGO T Option,0.956602924297061,-0.3958295529858531,False,False,False,True,True,False,True,False,False,False,False
Toyota Innova 2.5 G (Diesel) 8 Seater,0.7193524610774805,1.6431217736036048,True,False,False,False,False,False,True,False,False,False,False
Maruti Alto K10 2010-2014 VXI,-0.22964939180084112,-0.6082203161722549,False,False,False,True,True,False,True,False,False,False,False
Tata Indigo TDI,-0.22964939180084112,-0.7144156977654559,True,False,False,False,True,False,True,False,False,False,False
Honda City 1.5 V Elegance,-0.22964939180084112,-0.11972156084353065,False,False,False,True,False,False,True,False,False,False,False
Maruti Baleno Vxi,-1.4159017078987433,0.6661242629461562,False,False,False,True,True,False,True,False,True,False,False
Maruti Wagon R Duo Lxi,-0.704150318240002,,False,False,True,False,False,False,True,False,False,False,False
Tata Indica Vista Terra 1.4 TDI,-0.9414007814595824,0.02895197338695065,True,False,False,False,True,False,True,False,True,False,False
Honda City i DTEC SV,0.48210199785790014,-0.11462418252705701,True,False,False,False,False,True,True,False,False,False,False
Maruti Alto K10 VXI,0.48210199785790014,-0.18343878979945122,False,False,False,True,True,False,True,False,False,False,False
Maruti SX4 VDI,0.007601071418739302,0.6661242629461562,True,False,False,False,True,False,True,False,True,False,False
Maruti Swift VDI,-0.22964939180084112,0.2413427365733525,True,False,False,False,True,False,True,False,True,False,False
Maruti Omni 5 Str STD,-3.551155876874967,-0.18343878979945122,False,False,False,True,False,False,True,False,False,False,True
Toyota Innova 2.5 E 8 STR,-0.22964939180084112,0.02895197338695065,True,False,False,False,True,False,True,False,False,False,False
Hyundai i10 Magna 1.1L,0.2448515346383197,-0.6400789306502153,False,False,False,True,True,False,True,False,False,False,False
Hyundai i20 1.4 CRDi Asta,-0.46689985502042153,1.0632949901047277,True,False,False,False,True,False,True,False,True,False,False
Hyundai Grand i10 1.2 CRDi Asta,1.1938533875166413,-0.9268064609518577,True,False,False,False,True,False,True,False,False,False,False
Toyota Innova 2.5 VX (Diesel) 8 Seater,0.007601071418739302,0.13514735498015157,True,False,False,False,True,False,True,False,False,False,False
Maruti Wagon R LXI,-0.9414007814595824,-0.8126464257391667,False,False,False,True,False,False,True,False,False,False,False
Hyundai Accent Executive CNG,-0.22964939180084112,-0.03476525556896991,False,False,False,False,False,False,True,False,True,False,False
Hyundai EON Era Plus,1.1938533875166413,-1.0330018425450587,False,False,False,True,True,False,True,False,False,False,False
Tata Safari Storme VX,0.007601071418739302,2.9280858908813356,True,False,False,False,True,False,True,False,False,False,False
Hyundai i10 Magna 1.2 iTech SE,-0.46689985502042153,0.12452781682083149,False,False,False,True,True,False,True,False,True,False,False
Maruti Swift Dzire LDI Optional,0.48210199785790014,2.152859605250969,True,False,False,False,True,False,True,False,True,False,False
Maruti Wagon R LXI Minor,-0.9414007814595824,0.15638643129879176,False,False,False,True,True,False,True,False,True,False,False
Datsun GO Plus Remix Limited Edition,0.7193524610774805,-0.7144156977654559,False,False,False,True,True,False,True,False,False,False,False
Renault Duster 110PS Diesel RxZ,0.007601071418739302,,True,False,False,False,False,False,True,False,False,False,False
Hyundai Grand i10 1.2 Kappa Sportz BSIV,1.4311038507362217,-0.9268064609518577,False,False,False,False,True,False,True,False,False,False,False
Maruti Swift VDI BSIV,0.2448515346383197,-0.07724340820625028,True,False,False,False,False,False,True,False,False,False,False
Hyundai Grand i10 1.2 CRDi Magna,0.48210199785790014,-0.1482244012631458,True,False,False,False,False,False,True,False,False,False,False
Maruti Swift VXI Deca,0.7193524610774805,-0.8843283083145773,False,False,False,True,True,False,True,False,False,False,False
Mahindra Xylo E4,-0.46689985502042153,0.6661242629461562,True,False,False,False,True,False,True,False,True,False,False
Tata Tiago 1.2 Revotron XE,1.4311038507362217,-1.3940661399619418,False,False,False,True,True,False,True,False,False,False,False
Toyota Etios Liva VX,-0.22964939180084112,0.02895197338695065,False,False,False,True,True,False,True,False,True,False,False
Mahindra Xylo E8,-0.704150318240002,0.07143012602423102,True,False,False,False,True,False,True,False,True,False,False
Maruti Swift Dzire ZXI,0.7193524610774805,-0.7144156977654559,False,False,False,True,True,False,True,False,False,False,False
Volkswagen Polo 1.5 TDI Trendline,-0.46689985502042153,-0.10576748770218405,True,False,False,False,False,False,True,False,False,False,False
Mahindra Xylo H8 ABS with Airbags,1.1938533875166413,0.02895197338695065,True,False,False,False,True,False,True,False,False,False,False
Toyota Innova 2.5 G4 Diesel 8-seater,-1.4159017078987433,,True,False,False,False,True,False,True,False,False,False,False
Nissan Kicks XV Premium D BSIV,1.4311038507362217,-1.1391972241382595,True,False,False,False,True,False,True,False,False,False,False
Honda Brio S MT,0.48210199785790014,,False,False,False,True,True,False,True,False,False,False,False
Maruti Wagon R LXI Minor,-1.4159017078987433,-0.41706862930449323,False,False,False,True,False,False,True,False,False,False,False
Mahindra XUV500 W8 2WD,0.48210199785790014,0.02895197338695065,True,False,False,False,True,False,True,False,False,False,False
Hyundai Grand i10 Nios Sportz,1.6683543139558021,-1.3515879873246615,False,False,False,True,True,False,True,False,False,False,False
Maruti Alto LX,-3.076654950435806,0.45373349975975436,False,False,False,True,True,False,True,False,True,False,False
Chevrolet Beat Diesel LS,-0.46689985502042153,0.02895197338695065,True,False,False,False,True,False,True,False,False,False,False
Honda Accord 2.4 MT,-0.9414007814595824,-0.28963417139265213,False,False,False,True,True,False,True,False,True,False,False
Fiat Linea T Jet Emotion,-0.704150318240002,0.45373349975975436,False,False,False,True,True,False,True,False,True,False,False
Tata New Safari DICOR 2.2 EX 4x4,-0.9414007814595824,1.09090578931896,True,False,False,False,True,False,True,False,True,False,False
Toyota Etios Liva GD,-0.22964939180084112,-0.3958295529858531,True,False,False,False,True,False,True,False,True,False,False
Maruti Wagon R LXI,-1.890402634337904,0.02895197338695065,False,False,False,True,True,False,True,False,True,False,False
Renault Lodgy Stepway 85PS RXZ 8S,0.956602924297061,-0.6082203161722549,True,False,False,False,True,False,True,False,False,False,False
Honda Jazz 1.5 VX i DTEC,1.1938533875166413,-1.0421134062857553,True,False,False,False,False,False,True,False,False,False,False
Renault KWID 1.0 RXT Optional,1.1938533875166413,-1.2347730675721404,False,False,False,True,True,False,True,False,False,False,False
Mahindra XUV500 W8 4WD,-0.22964939180084112,0.051083090910973725,True,False,False,False,False,False,True,False,False,False,False
Honda City 1.5 EXI,-1.890402634337904,1.09090578931896,False,False,False,True,True,False,True,False,True,False,False
Hyundai Santro Xing XG,-1.6531521711183237,0.878515026132558,False,False,False,True,True,False,True,False,False,False,True
Chevrolet Beat Diesel LT,-0.22964939180084112,-0.3958295529858531,True,False,False,False,True,False,True,False,False,False,False
Mahindra XUV500 W11 Option AT AWD,1.4311038507362217,-1.3515879873246615,True,False,False,False,True,False,False,False,False,False,False
Maruti Baleno Delta 1.2,1.1938533875166413,-1.415305216280582,False,False,False,True,True,False,True,False,False,False,False
Maruti Swift VDI BSIV,-1.4159017078987433,0.9396835659302418,True,False,False,False,False,False,True,False,False,False,False
Hyundai Creta 1.6 SX Option,1.1938533875166413,-1.1391972241382595,False,False,False,True,True,False,True,False,False,False,False
Hyundai Grand i10 1.2 Kappa Magna AT,1.4311038507362217,-1.0330018425450587,False,False,False,True,True,False,False,False,False,False,False
Tata Indica LSI,-2.602154023996645,-0.6082203161722549,False,False,False,True,True,False,True,False,False,False,False
Honda WR-V i-DTEC VX,0.956602924297061,-0.8206110793586568,True,False,False,False,True,False,True,False,False,False,False
Hyundai EON Era Plus,0.2448515346383197,-0.8206110793586568,False,False,False,False,True,False,True,False,False,False,False
Maruti Baleno Alpha 1.3,0.956602924297061,0.02895197338695065,True,False,False,False,True,False,True,False,False,False,False
Tata Xenon XT EX 4X2,0.2448515346383197,0.45373349975975436,True,False,False,False,True,False,True,False,False,False,False
Chevrolet Tavera Neo 3 10 Seats BSIV,-1.4159017078987433,1.09090578931896,True,False,False,False,True,False,True,False,False,False,True
Skoda Laura Ambiente 2.0 TDI CR MT,-0.22964939180084112,-0.3533514003485727,True,False,False,False,False,False,True,False,False,False,False
Maruti Wagon R LXI Minor,-1.4159017078987433,0.2413427365733525,False,False,False,True,True,False,True,False,True,False,False
Mahindra TUV 300 T8,0.7193524610774805,0.13514735498015157,False,False,False,False,True,False,True,False,False,False,False
Mahindra XUV500 W6 2WD,,1.7493171551968056,True,False,False,False,True,False,True,False,True,False,False
Mahindra Scorpio VLX 2WD BSIV,0.2448515346383197,,True,False,False,False,True,False,True,False,False,False,True
Maruti Zen VX,-2.8394044872162256,0.36877719448519364,False,False,False,True,True,False,True,False,True,False,False
Tata Zest Revotron 1.2T XMS,0.48210199785790014,1.09090578931896,False,False,False,True,True,False,True,False,True,False,False
Maruti Swift 1.3 VXi,-1.890402634337904,1.0569232672091358,False,False,False,True,True,False,True,False,False,False,False
Renault Duster 110PS Diesel RxZ,0.007601071418739302,1.09090578931896,True,False,False,False,True,False,True,False,False,False,False
Tata Tigor 1.2 Revotron XM,1.1938533875166413,-1.3515879873246615,False,False,False,True,True,False,True,False,False,False,False
Maruti Wagon R VXI BS IV,0.007601071418739302,0.2413427365733525,False,False,False,True,False,False,True,False,False,False,False
Hyundai i20 Magna 1.4 CRDi (Diesel),0.007601071418739302,0.19886458393607215,True,False,False,False,False,False,True,False,True,False,False
Mahindra Xylo E9,-0.22964939180084112,4.807744145080992,True,False,False,False,True,False,True,False,False,False,False
Renault KWID RXT,0.7193524610774805,-0.6082203161722549,False,False,False,True,True,False,True,False,False,False,False
Volkswagen Polo Diesel Trendline 1.2L,-0.22964939180084112,-0.28963417139265213,True,False,False,False,True,False,True,False,True,False,False
Fiat Grande Punto EVO 1.3 Active,0.2448515346383197,,True,False,False,False,True,False,True,False,True,False,False
Maruti Alto 800 LXI,1.1938533875166413,-1.0967190715009791,False,False,False,True,True,False,True,False,False,False,False
Ford Figo Aspire 1.2 Ti-VCT Titanium Plus,0.48210199785790014,0.02895197338695065,False,False,False,True,True,False,True,False,False,False,False
Ford Endeavour Titanium Plus 4X4,0.956602924297061,-0.18343878979945122,True,False,False,False,False,False,False,False,False,False,False
Maruti Baleno Alpha,1.4311038507362217,-1.1179581478196194,False,False,False,True,True,False,True,False,False,False,False
Hyundai Creta 1.4 CRDi Base,0.7193524610774805,0.2413427365733525,True,False,False,False,True,False,True,False,False,False,False
Maruti Alto LXi,-1.6531521711183237,0.6661242629461562,False,False,False,True,True,False,True,False,True,False,False
Chevrolet Spark 1.0 LT,-0.22964939180084112,-0.8630892319959371,False,False,False,True,True,False,True,False,False,False,False
Ford Figo Diesel Titanium,-0.46689985502042153,1.09090578931896,True,False,False,False,True,False,True,False,True,False,False
Honda Accord 2.4 MT,-0.9414007814595824,-0.24641265108421936,False,False,False,True,False,False,True,False,False,False,False
Audi Q5 2.0 TFSI Quattro,-0.704150318240002,0.878515026132558,False,False,False,True,True,False,False,False,False,False,False
Maruti SX4 S Cross DDiS 320 Delta,0.48210199785790014,,True,False,False,False,True,False,True,False,False,False,False
Maruti Swift VDI BSIV,0.2448515346383197,0.45373349975975436,True,False,False,False,True,False,True,False,True,False,False
Toyota Corolla Altis 1.8 VL AT,-0.704150318240002,0.2413427365733525,False,False,False,True,True,False,False,False,False,False,True
Hyundai i20 1.2 Spotz,0.956602924297061,0.02895197338695065,False,False,False,True,True,False,True,False,True,False,False
Maruti Swift Dzire VDI,0.48210199785790014,-0.3958295529858531,True,False,False,False,True,False,True,False,False,False,False
Tata Indica GLS BS IV,-0.704150318240002,4.913939526674193,False,False,False,True,True,False,True,False,False,False,True
Ambassador Classic 2000 Dsz,-2.602154023996645,1.09090578931896,True,False,False,False,True,False,True,True,False,False,False
Maruti Wagon R VXI BS IV,0.2448515346383197,-0.7144156977654559,False,False,False,True,True,False,True,False,True,False,False
Ford Figo Aspire 1.5 TDCi Trend,0.956602924297061,,True,False,False,False,True,False,True,False,False,False,False
Renault Fluence 1.5,0.007601071418739302,-0.18343878979945122,True,False,False,False,True,False,True,False,False,False,False
Maruti Swift 1.2 DLX,0.2448515346383197,-0.6082203161722549,False,False,False,True,True,False,True,False,True,False,False
Tata Indigo CS Emax CNG GLX,0.2448515346383197,0.07143012602423102,False,False,False,False,False,False,True,False,False,False,False
Renault KWID RXT,0.7193524610774805,-0.9268064609518577,False,False,False,True,True,False,True,False,False,False,False
Toyota Fortuner 3.0 Diesel,-0.22964939180084112,1.295374377038509,True,False,False,False,False,False,True,False,False,False,False
Tata Indica Vista TDI LS,-0.704150318240002,0.8254173353359576,True,False,False,False,False,False,True,False,False,False,False
Hyundai EON Era Plus,0.2448515346383197,-0.6590879039553982,False,False,False,True,False,False,True,False,False,False,False
Ford EcoSport 1.5 TDCi Titanium BSIV,1.1938533875166413,-1.0033945701568743,True,False,False,False,False,False,True,False,False,False,False
Maruti Zen Estilo VXI BSIII,-1.1786512446791628,1.09090578931896,False,False,False,True,True,False,True,False,False,False,False
Maruti 800 Std,-2.8394044872162256,-0.18343878979945122,False,False,False,True,True,False,True,False,False,False,True
Hyundai i20 Asta,-0.704150318240002,-0.44756794289806057,False,False,False,True,False,False,True,False,True,False,False
Mahindra Scorpio S2 7 Seater,0.7193524610774805,1.9686530963394029,True,False,False,False,True,False,True,False,False,False,False
Renault Duster 85PS Diesel RxL Optional,-0.22964939180084112,1.7280780788781656,True,False,False,False,True,False,True,False,False,False,False
Tata Nano Lx BSIII,-0.46689985502042153,-0.18343878979945122,False,False,False,True,True,False,True,False,True,False,False
Honda Amaze VX i-DTEC,0.2448515346383197,0.878515026132558,True,False,False,False,True,False,True,False,True,False,False
Maruti Alto K10 VXI,0.48210199785790014,-0.18343878979945122,False,False,False,True,False,False,True,False,False,False,False
Hyundai Santro Xing GLS,-0.9414007814595824,0.6661242629461562,False,False,False,True,True,False,True,False,True,False,False
Ford Ecosport 1.5 DV5 MT Titanium,0.2448515346383197,1.09090578931896,True,False,False,False,True,False,True,False,False,False,False
Skoda Superb Elegance 2.0 TDI CR AT,-0.9414007814595824,0.6661242629461562,True,False,False,False,True,False,False,False,True,False,False
Honda City i-VTEC VX,1.1938533875166413,-1.1429140624940217,False,False,False,True,False,False,True,False,False,False,False
Honda City V MT,1.1938533875166413,-1.1498167622975797,False,False,False,True,False,False,True,False,False,False,False
Hyundai i20 Asta 1.4 CRDi,0.48210199785790014,0.39001627080383383,True,False,False,False,True,False,True,False,False,False,False
Maruti Wagon R AMT VXI Option,1.1938533875166413,-1.1391972241382595,False,False,False,True,True,False,False,False,False,False,False
Hyundai Grand i10 Asta,0.7193524610774805,-0.4923186767014354,False,False,False,True,False,False,True,False,False,False,False
Honda Amaze E i-Dtech,0.007601071418739302,-0.3958295529858531,True,False,False,False,True,False,True,False,False,False,False
Mahindra XUV300 W8 Option Diesel BSIV,1.4311038507362217,-1.2453926057314606,True,False,False,False,True,False,True,False,False,False,False
Maruti Baleno Delta Diesel,0.48210199785790014,,True,False,False,False,False,False,True,False,False,False,False
Mahindra Jeep MM 540,-1.4159017078987433,0.6661242629461562,True,False,False,False,True,False,True,False,True,False,False
Toyota Innova 2.5 VX (Diesel) 7 Seater,-0.22964939180084112,0.878515026132558,True,False,False,False,True,False,True,False,True,False,False
Mahindra Bolero DI,-0.704150318240002,0.6661242629461562,True,False,False,False,True,False,True,False,False,False,False
Fiat Punto 1.3 Emotion,-0.704150318240002,3.0024226579965765,True,False,False,False,True,False,True,False,True,False,False
Mahindra Bolero SLX,-0.704150318240002,-0.3958295529858531,True,False,False,False,True,False,True,False,False,False,False
Maruti Alto K10 VXI,0.48210199785790014,-0.19919818442788223,False,False,False,True,False,False,True,False,False,False,False
Honda Mobilio V i VTEC,0.2448515346383197,0.02895197338695065,False,False,False,True,True,False,True,False,False,False,False
Maruti Wagon R Stingray VXI,0.007601071418739302,0.11390827866151139,False,False,False,True,True,False,True,False,False,False,True
Maruti Baleno Zeta 1.3,1.1938533875166413,0.02895197338695065,True,False,False,False,True,False,True,False,False,False,False
Maruti Swift Dzire VDI,0.956602924297061,0.45373349975975436,True,False,False,False,False,False,True,False,False,False,False
Maruti Alto 800 LXI Airbag,0.2448515346383197,-0.3958295529858531,False,False,False,True,True,False,True,False,False,False,False
Ford Ecosport 1.5 DV5 MT Titanium,0.2448515346383197,0.39001627080383383,True,False,False,False,True,False,True,False,True,False,False
Volkswagen Vento Diesel Highline,-0.46689985502042153,1.7280780788781656,True,False,False,False,True,False,True,False,False,False,False
Ford Figo 1.5 Sports Edition MT,0.956602924297061,-0.5395119042814539,True,False,False,False,False,False,True,False,False,False,False
Ford Figo Diesel Titanium,0.2448515346383197,0.45373349975975436,True,False,False,False,True,False,True,False,True,False,False
Tata Indigo CR4,-0.46689985502042153,0.02895197338695065,True,False,False,False,True,False,True,False,True,False,False
Tata Indica DLS,-1.6531521711183237,0.6661242629461562,True,False,False,False,True,False,True,False,False,False,False
Tata Zest Revotron 1.2T XE,0.7193524610774805,-1.1391972241382595,False,False,False,True,True,False,True,False,False,False,False
Hyundai i20 Sportz 1.2,0.007601071418739302,-0.3958295529858531,False,False,False,True,True,False,True,False,True,False,False
Maruti Swift VXI,0.007601071418739302,0.45373349975975436,False,False,False,True,True,False,True,False,False,False,False
Mahindra Renault Logan 1.5 DLX Diesel,-1.4159017078987433,0.45373349975975436,True,False,False,False,True,False,True,False,False,False,True
Honda Jazz 1.2 VX i VTEC,1.1938533875166413,-1.2517643286270526,False,False,False,True,False,False,True,False,False,False,False
Maruti Swift VDI,-0.22964939180084112,0.2413427365733525,True,False,False,False,True,False,True,False,False,False,True
Tata Indica Vista Terra TDI BSIII,-0.9414007814595824,0.4379103879023674,True,False,False,False,True,False,True,False,False,False,False
Maruti Wagon R LXI BS IV,-0.46689985502042153,-0.3958295529858531,False,False,False,True,True,False,True,False,False,False,False
Mahindra Scorpio VLX 2WD AIRBAG BSIV,-0.22964939180084112,1.09090578931896,True,False,False,False,True,False,True,False,True,False,False
Renault Lodgy 85PS RxL,0.48210199785790014,-0.18343878979945122,True,False,False,False,True,False,True,False,False,False,False
Maruti Alto 800 LXI,0.48210199785790014,-0.4807858582604138,False,False,False,True,True,False,True,False,True,False,False
Honda BR-V i-VTEC VX MT,1.6683543139558021,-1.4344203849673582,False,False,False,False,False,False,True,False,False,False,False
Nissan Micra Diesel XV,-0.46689985502042153,-0.1281959522946681,False,False,False,False,False,False,True,False,True,False,False
Ford EcoSport 1.5 Diesel Titanium Plus BSIV,0.956602924297061,-0.4125447060486229,True,False,False,False,False,False,True,False,False,False,False
Maruti Swift Dzire VDI,0.2448515346383197,-0.8206110793586568,True,False,False,False,True,False,True,False,False,False,False
Tata Nano Cx BSIII,0.2448515346383197,-1.309109834687381,False,False,False,True,True,False,True,False,True,False,False
Maruti Swift Dzire VDI,0.2448515346383197,0.45373349975975436,True,False,False,False,True,False,True,False,False,False,False
Maruti Alto 800 LXI,0.48210199785790014,-0.3958295529858531,False,False,False,True,True,False,True,False,True,False,False
Ford Ecosport Thunder Edition Diesel,1.6683543139558021,-1.4363319018360359,True,False,False,False,False,False,True,False,False,True,False
Tata Indica DLS,-1.6531521711183237,4.913939526674193,True,False,False,False,True,False,True,False,False,False,False
Maruti A-Star Lxi,-0.9414007814595824,-0.9268064609518577,False,False,False,True,True,False,True,False,False,False,False
Maruti Zen LX,-3.551155876874967,0.02895197338695065,False,False,False,True,True,False,True,False,False,False,True
Maruti Ertiga VDI,0.2448515346383197,0.6661242629461562,True,False,False,False,True,False,True,False,True,False,False
Maruti 800 AC,-3.076654950435806,-0.6082203161722549,False,False,False,True,True,False,True,False,False,False,True
Hyundai Verna 1.6 CRDI,-0.22964939180084112,-0.9055673846332175,True,False,False,False,True,False,True,False,False,False,False
Tata Zest Quadrajet 1.3 XM,0.48210199785790014,0.6661242629461562,True,False,False,False,True,False,True,False,False,False,False
Mahindra Scorpio 1.99 S10,0.956602924297061,-0.18343878979945122,True,False,False,False,True,False,True,False,True,False,False
Mercedes-Benz E-Class 280 CDI,-1.4159017078987433,0.17191219608771774,True,False,False,False,False,False,False,False,False,False,False
Hyundai Verna 1.6 VTVT AT S Option,0.7193524610774805,-1.2453926057314606,False,False,False,True,True,False,False,False,False,False,False
Maruti SX4 ZDI,-0.22964939180084112,0.02895197338695065,True,False,False,False,True,False,True,False,True,False,False
Chevrolet Sail 1.2 Base,0.48210199785790014,-0.7144156977654559,False,False,False,True,True,False,True,False,False,False,False
Toyota Innova 2.5 G (Diesel) 8 Seater BS IV,-1.6531521711183237,-0.3958295529858531,True,False,False,False,True,False,True,False,False,False,False
Honda Amaze VX Diesel BSIV,1.1938533875166413,-0.7757116720210514,True,False,False,False,False,False,True,False,False,False,False
Skoda Superb 1.8 TFSI MT,-0.704150318240002,0.2413427365733525,False,False,False,True,True,False,True,False,False,False,False
Ford Fiesta Titanium 1.5 TDCi,-0.46689985502042153,0.6661242629461562,True,False,False,False,True,False,True,False,True,False,False
Honda BR-V i-DTEC VX MT,0.956602924297061,-0.9480455372704979,True,False,False,False,False,False,True,False,False,False,False
Volvo V40 D3 R Design,1.1938533875166413,-1.0117627662264184,True,False,False,False,False,False,False,False,False,False,False
Chevrolet Spark 1.0 LS,-0.22964939180084112,0.2413427365733525,False,False,False,True,True,False,True,False,False,False,False
Hyundai i10 Magna,-0.22964939180084112,-0.3958295529858531,False,False,False,True,True,False,True,False,False,False,False
Maruti Swift Dzire LDI,1.4311038507362217,-1.3515879873246615,True,False,False,False,True,False,True,False,False,False,False
Audi Q3 2.0 TDI Quattro Premium Plus,-0.22964939180084112,1.0484276366816796,True,False,False,False,True,False,False,False,True,False,False
Hyundai Elite i20 Magna Plus Diesel,1.4311038507362217,-0.7144156977654559,True,False,False,False,True,False,True,False,True,False,False
Maruti Swift Dzire ZXI 1.2 BS IV,1.1938533875166413,,False,False,False,True,True,False,True,False,False,False,False
Maruti Alto 800 LX,0.7193524610774805,-0.9268064609518577,False,False,False,True,True,False,True,False,True,False,False
Hyundai i20 Active 1.2 SX,1.1938533875166413,-1.0330018425450587,False,False,False,True,True,False,True,False,False,False,False
Chevrolet Beat Diesel PS,-0.22964939180084112,-0.22591694243673158,True,False,False,False,False,False,True,False,False,False,False
Maruti Swift 1.3 VXi,-0.704150318240002,-0.3958295529858531,False,False,False,True,True,False,True,False,False,False,False
Maruti Alto LXI,-2.3649035607770648,-1.3515879873246615,False,False,False,True,True,False,True,False,True,False,False
Maruti Swift VDI,0.7193524610774805,-0.4595467819417736,True,False,False,False,False,False,True,False,False,False,False
Toyota Fortuner 2.8 4WD AT BSIV,0.956602924297061,-0.5869812398536147,True,False,False,False,True,False,False,False,False,False,False
Maruti Alto 800 LXI,0.007601071418739302,-0.9268064609518577,False,False,False,True,True,False,True,False,True,False,False
Mahindra Xylo D4,0.48210199785790014,-0.3958295529858531,True,False,False,False,True,False,True,False,True,False,False
Mahindra Jeep MM 775 XDB,-3.076654950435806,-0.3958295529858531,True,False,False,False,True,False,True,False,True,False,False
Skoda Octavia Elegance 2.0 TDI AT,0.007601071418739302,-0.41706862930449323,True,False,False,False,False,False,False,False,True,False,False
Honda Amaze VX Diesel BSIV,1.1938533875166413,-0.9268064609518577,True,False,False,False,False,False,True,False,False,False,False
Chevrolet Beat PS,0.48210199785790014,-0.3958295529858531,False,False,False,True,True,False,True,False,False,False,False
Maruti Swift LXi BSIV,-1.1786512446791628,-0.3958295529858531,False,False,False,True,True,False,True,False,False,False,False
Hyundai Grand i10 Sportz,0.48210199785790014,-0.14754475082094928,False,False,False,False,False,False,True,False,False,False,False
Mahindra Verito 1.5 D4 BSIV,0.48210199785790014,0.45373349975975436,True,False,False,False,True,False,True,False,False,False,False
Tata New Safari DICOR 2.2 EX 4x2,-0.704150318240002,0.6661242629461562,True,False,False,False,True,False,True,False,False,False,False
Honda Mobilio V i DTEC,0.2448515346383197,-0.5232640108976941,True,False,False,False,True,False,True,False,False,False,False
Ford Ecosport 1.5 DV5 MT Titanium Optional,0.2448515346383197,0.6473701585567969,True,False,False,False,False,False,True,False,False,False,False
Chevrolet Beat Diesel LS,0.2448515346383197,-0.18343878979945122,True,False,False,False,True,False,True,False,False,False,False
Hyundai Grand i10 1.2 Kappa Magna AT,0.956602924297061,,False,False,False,True,False,False,False,False,False,False,False
Hyundai i20 1.2 Sportz,-0.46689985502042153,0.6172743874132838,False,False,False,True,True,False,True,True,False,False,False
Tata Indigo CR4,-0.22964939180084112,1.09090578931896,True,False,False,False,True,False,True,False,False,False,False
Mahindra Scorpio M2DI,-1.1786512446791628,0.2413427365733525,True,False,False,False,True,False,True,False,True,False,False
Audi Q3 2.0 TDI Quattro Premium Plus,0.2448515346383197,0.878515026132558,True,False,False,False,True,False,False,False,True,False,False
Ford Ikon 1.8 D,-1.890402634337904,0.5099108566225576,True,False,False,False,False,False,True,True,False,False,False
Hyundai i10 Sportz,-0.46689985502042153,-0.8206110793586568,False,False,False,True,True,False,True,False,False,False,False
Hyundai Grand i10 CRDi Magna,0.48210199785790014,-0.18343878979945122,True,False,False,False,True,False,True,False,True,False,False
Maruti Alto VXi,0.48210199785790014,-0.9027213484065197,False,False,False,True,False,False,True,False,False,False,False
Toyota Etios Liva GD,-0.22964939180084112,,True,False,False,False,True,False,True,False,False,False,False
Chevrolet Sail Hatchback LT ABS,0.007601071418739302,0.2413427365733525,True,False,False,False,True,False,True,False,False,False,False
Maruti Baleno Zeta 1.2,0.956602924297061,-0.39935523965474734,False,False,False,True,False,True,True,False,False,False,False
Maruti Zen Estilo 1.1 LXI BSIII,-1.4159017078987433,1.5794045446476843,False,False,False,True,True,False,True,False,False,False,True
Hyundai i20 1.4 CRDi Magna,-0.22964939180084112,0.02895197338695065,True,False,False,False,True,False,True,False,False,False,False
Maruti Wagon R LXI DUO BSIII,-1.4159017078987433,1.9829469947018479,False,False,True,False,True,False,True,False,False,False,False
Chevrolet Spark 1.0 LT,0.007601071418739302,-1.2453926057314606,False,False,False,True,True,False,True,False,False,False,False
Tata Aria Pleasure 4x2,-0.22964939180084112,0.02895197338695065,True,False,False,False,True,False,True,False,True,False,False
Chevrolet Tavera Neo 2 LT L 9 Str,-0.22964939180084112,0.878515026132558,True,False,False,False,True,False,True,False,False,False,False
Hyundai Accent Executive,0.007601071418739302,0.02895197338695065,False,False,False,True,True,False,True,False,False,False,False
Honda BR-V i-DTEC VX MT,0.7193524610774805,-0.9480455372704979,True,False,False,False,False,False,True,False,False,False,False
Mahindra Scorpio SLE BSIII,-0.9414007814595824,0.6661242629461562,True,False,False,False,True,False,True,False,False,False,False
Hyundai i10 Era 1.1,-1.1786512446791628,0.878515026132558,False,False,False,True,True,False,True,False,False,False,True
Hyundai EON Era Plus,0.48210199785790014,-0.9268064609518577,False,False,False,True,True,False,True,False,False,False,False
Toyota Innova 2.5 VX (Diesel) 8 Seater,0.007601071418739302,0.13514735498015157,True,False,False,False,True,False,True,False,False,False,False
Hyundai i20 Active 1.2 SX,0.48210199785790014,-0.4807858582604138,False,False,False,True,True,False,True,False,False,False,False
Maruti Alto K10 VXI,0.48210199785790014,-0.18343878979945122,False,False,False,True,True,False,True,False,True,False,False
Maruti Wagon R LXI Minor,-1.1786512446791628,-0.3958295529858531,False,False,False,True,True,False,True,False,False,False,False
Honda Amaze E i-VTEC,0.7193524610774805,-0.3958295529858531,False,False,False,True,True,False,True,False,True,False,False
Maruti Swift Dzire VDI,0.2448515346383197,0.6873633392647964,True,False,False,False,False,False,True,False,False,False,False
Tata Indica Vista Aqua TDI BSIII,-0.46689985502042153,0.02895197338695065,True,False,False,False,True,False,True,False,False,False,False
Honda Amaze S i-VTEC,0.7193524610774805,-1.203806494299563,False,False,False,True,False,False,True,False,False,False,False
Maruti Swift Dzire VDI,0.48210199785790014,-0.22591694243673158,True,False,False,False,True,False,True,False,False,False,False
Toyota Etios Liva 1.4 VD,0.956602924297061,-0.6931766214468157,True,False,False,False,False,False,True,False,False,False,False
Hyundai Verna 1.6 VTVT S,0.48210199785790014,-0.7144156977654559,False,False,False,True,True,False,True,False,False,False,False
Hyundai Grand i10 1.2 CRDi Sportz Option,0.956602924297061,-0.5232640108976941,True,False,False,False,False,False,True,False,False,False,False
Ford EcoSport 1.5 Diesel Titanium Plus BSIV,0.48210199785790014,0.6024070339902357,True,False,False,False,False,False,True,False,True,False,False
Mahindra XUV500 W10 2WD,,-0.3958295529858531,True,False,False,False,True,False,True,False,False,False,False
Maruti Ertiga SHVS VDI,0.956602924297061,-0.18343878979945122,False,False,False,False,True,False,True,False,True,False,False
Hyundai Santro Xing XL eRLX Euro III,-1.6531521711183237,-0.6082203161722549,False,False,False,True,True,False,True,False,True,False,False
Hyundai Verna CRDi ABS,-1.4159017078987433,0.2413427365733525,True,False,False,False,True,False,True,False,True,False,False
Maruti Alto K10 VXI,0.956602924297061,-1.1391972241382595,False,False,False,True,True,False,True,False,False,False,False
Maruti Swift Dzire VDI,0.2448515346383197,0.6661242629461562,True,False,False,False,True,False,True,False,True,False,False
Ford Ecosport 1.5 Petrol Ambiente,0.956602924297061,-1.3303489110060212,False,False,False,False,True,False,True,False,False,False,False
Tata Nano Lx BSIV,-0.22964939180084112,-0.7144156977654559,False,False,False,True,True,False,True,False,True,False,False
Maruti Swift VXI BSIV,1.4311038507362217,-1.2453926057314606,False,False,False,True,True,False,True,False,False,False,False
Honda WR-V i-DTEC VX,0.956602924297061,1.5156873156917636,True,False,False,False,True,False,True,False,False,False,False
Maruti Ertiga SHVS VDI,0.956602924297061,-0.18343878979945122,True,False,False,False,True,False,True,False,False,False,False
Maruti Wagon R LX Minor,0.007601071418739302,-0.3533514003485727,False,False,False,True,True,False,True,False,False,False,False
Hyundai i20 1.2 Asta Dual Tone,1.1938533875166413,-0.9268064609518577,False,False,False,True,True,False,True,False,False,False,False
Mahindra XUV500 AT W8 FWD,0.956602924297061,0.02895197338695065,True,False,False,False,True,False,False,False,False,False,False
Mahindra XUV500 W6 2WD,0.7193524610774805,-0.4595467819417736,True,False,False,False,True,False,True,False,False,False,False
Chevrolet Aveo 1.4 LS,-1.1786512446791628,0.2694632736192321,False,False,False,True,False,False,True,False,False,False,False
Maruti Alto LXi,-0.46689985502042153,-0.6700047891831792,False,False,False,True,True,False,True,False,False,False,False
Maruti Alto 800 Base,0.2448515346383197,-0.6082203161722549,False,False,False,True,True,False,True,False,False,False,False
Maruti 800 Std,-3.3139054136553865,-0.3958295529858531,False,False,False,True,True,False,True,False,False,False,True
Hyundai Verna 1.6 SX,-0.22964939180084112,0.2413427365733525,True,False,False,False,True,False,True,False,False,False,False
Maruti Eeco 5 STR With AC Plus HTR CNG,1.1938533875166413,-0.502024934579054,False,False,False,False,True,False,True,False,False,False,False
Chevrolet Beat LT,0.007601071418739302,-0.3958295529858531,False,False,False,True,True,False,True,False,False,False,False
Maruti Swift Vdi BSIII,-1.1786512446791628,1.09090578931896,True,False,False,False,True,False,True,False,False,False,True
Datsun RediGO 1.0 T Option,1.1938533875166413,-1.3989723665915477,False,False,False,True,False,False,True,False,False,False,False
Maruti Ritz VDi,0.007601071418739302,-0.11972156084353065,True,False,False,False,True,False,True,False,False,False,False
Mahindra XUV500 W10 2WD,0.48210199785790014,0.13514735498015157,True,False,False,False,False,False,True,False,True,False,False
Ford Aspire Titanium Plus BSIV,1.1938533875166413,-1.1604363004568998,False,False,False,True,False,False,True,False,False,False,False
Mahindra Scorpio S4 4WD,0.2448515346383197,0.02895197338695065,True,False,False,False,True,False,True,False,True,False,False
Mahindra Bolero Power Plus SLX,1.1938533875166413,0.2413427365733525,True,False,False,False,True,False,True,False,False,False,False
Maruti Alto LXi,-0.704150318240002,0.45373349975975436,False,False,False,True,True,False,True,False,True,False,False
Tata Indigo GLE BSIII,-1.1786512446791628,-0.5657421635349745,False,False,False,True,False,False,True,False,False,False,False
Ford EcoSport 1.5 TDCi Titanium BSIV,0.48210199785790014,0.6661242629461562,True,False,False,False,True,False,True,False,True,False,False
Mahindra Bolero Power Plus SLX,1.1938533875166413,-0.5893175382486652,True,False,False,False,False,False,True,False,False,False,False
Mahindra Scorpio S11 BSIV,1.1938533875166413,-0.7144156977654559,True,False,False,False,True,False,True,False,False,False,False
Toyota Innova 2.5 VX (Diesel) 8 Seater,0.2448515346383197,2.7900318948101743,True,False,False,False,True,False,True,False,True,False,False
Hyundai Verna 1.6 VTVT,-0.704150318240002,-0.6506984688095353,False,False,False,True,False,False,True,False,False,False,False
Maruti Ciaz VDi Plus,0.48210199785790014,0.6661242629461562,True,False,False,False,True,False,True,False,False,False,False
Tata Nano Cx BSIV,-0.46689985502042153,-1.2554174497538586,False,False,False,True,False,False,True,False,False,False,False
Chevrolet Aveo 1.6 LT with ABS,-0.704150318240002,1.09090578931896,False,False,False,True,True,False,True,False,True,False,False
Maruti Baleno Zeta 1.2,0.956602924297061,-0.9268064609518577,False,False,False,True,True,False,True,False,False,False,False
Renault Duster 110PS Diesel RxZ,-0.22964939180084112,0.878515026132558,True,False,False,False,True,False,True,False,True,False,False
Volkswagen Polo Diesel Highline 1.2L,0.007601071418739302,-0.5222232961580808,True,False,False,False,False,False,True,False,False,False,False
Honda City 1.5 S MT,-0.46689985502042153,0.878515026132558,False,False,False,True,True,False,True,False,False,False,False
Hyundai Verna 1.4 CRDi,0.2448515346383197,-0.3958295529858531,True,False,False,False,True,False,True,False,False,False,False
Hyundai Verna 1.6 VTVT SX,0.48210199785790014,-0.2824128854443145,False,False,False,True,False,False,True,False,False,False,False
Chevrolet Optra Magnum 2.0 LT,-0.22964939180084112,-0.9268064609518577,True,False,False,False,True,False,True,False,False,False,False
Maruti Ertiga VDI,0.2448515346383197,1.09090578931896,True,False,False,False,True,False,True,False,True,False,False
Hyundai Verna 1.6 VTVT SX,0.48210199785790014,-0.2824128854443145,False,False,False,True,False,True,True,False,False,False,False
Hyundai i10 Era,-0.46689985502042153,1.4944482393731235,False,False,False,True,True,False,True,False,True,False,False
Maruti Wagon R Stingray VXI,0.2448515346383197,0.13514735498015157,False,False,False,True,True,False,True,False,False,False,False
Mahindra Scorpio M2DI,0.007601071418739302,1.7280780788781656,True,False,False,False,True,False,True,False,False,False,False
Chevrolet Captiva LT,-0.9414007814595824,1.303296552505362,True,False,False,False,True,False,True,False,False,False,False
Maruti Ritz VDi,-0.46689985502042153,0.45373349975975436,False,False,False,False,True,False,True,False,True,False,False
Tata Tiago 1.2 Revotron XTA,1.1938533875166413,-1.1391972241382595,False,False,False,True,True,False,False,False,False,False,False
Hyundai i10 Magna 1.1,-1.1786512446791628,0.45373349975975436,False,False,False,True,True,False,True,False,False,False,False
Maruti Alto 800 VXI,1.6683543139558021,-0.6082203161722549,False,False,False,True,True,False,True,False,False,False,False
Maruti Swift ZXI ABS,-0.9414007814595824,-0.18343878979945122,False,False,False,True,True,False,True,False,True,False,False
Maruti Zen Estilo LXI Green (CNG),-0.704150318240002,0.2413427365733525,False,False,False,False,True,False,True,True,False,False,False
Hyundai Creta 1.6 CRDi SX Option,1.1938533875166413,-1.0182619235799224,True,False,False,False,False,False,True,False,False,False,False
Chevrolet Cruze LTZ AT,0.48210199785790014,-0.3958295529858531,True,False,False,False,True,False,False,False,False,False,False
Hyundai Accent GLE CNG,-0.704150318240002,0.45373349975975436,False,False,False,False,True,False,True,False,True,False,False
Renault KWID RXE,1.1938533875166413,-1.3399064953494093,False,False,False,True,True,False,True,False,True,False,False
Maruti Vitara Brezza ZDi Plus AMT Dual Tone,1.1938533875166413,-1.1391972241382595,True,False,False,False,True,False,False,False,False,False,False
Nissan Micra Active XV S,0.007601071418739302,-0.8206110793586568,False,False,False,True,True,False,True,False,False,False,False
Volkswagen Jetta 1.9 Highline TDI,-0.704150318240002,0.40318449812139073,True,False,False,False,False,False,False,False,False,False,False
Renault Captur 1.5 Diesel RXT Mono,1.1938533875166413,-0.6082203161722549,True,False,False,False,True,False,True,False,False,False,False
Tata Nano Lx BSIV,-0.22964939180084112,-0.3958295529858531,False,False,False,True,True,False,True,False,True,False,False
Maruti Celerio VXI AT,0.956602924297061,-0.7639027455878875,False,False,False,True,False,False,False,False,False,False,False
Toyota Etios VD,0.7193524610774805,-0.3958295529858531,True,False,False,False,True,False,True,False,True,False,False
Datsun RediGO T Option,0.956602924297061,-0.4807858582604138,False,False,False,True,True,False,True,False,False,False,False
Nissan Terrano XL,0.2448515346383197,0.15638643129879176,False,False,False,True,True,False,True,False,True,False,False
Hyundai Xcent 1.2 VTVT S,1.1938533875166413,-1.287870758368741,False,False,False,True,True,False,True,False,False,False,False
Maruti Swift Ldi BSIV,-0.9414007814595824,0.6661242629461562,True,False,False,False,True,False,True,False,True,False,False
Maruti Alto LX BSIII,-1.4159017078987433,1.1971011709121608,False,False,False,True,True,False,True,False,False,False,False
Maruti Swift VDI,0.007601071418739302,0.6661242629461562,True,False,False,False,True,False,True,False,True,False,False
Maruti Baleno Alpha CVT,1.1938533875166413,-1.2196508452332686,False,False,False,True,False,True,False,False,False,False,False
Maruti Swift Dzire ZDI,0.956602924297061,-0.03476525556896991,True,False,False,False,True,False,True,False,False,False,False
Tata Indica V2 2001-2011 DLS BSIII,-0.9414007814595824,1.09090578931896,True,False,False,False,False,False,True,False,False,False,False
Maruti Alto LXi,-0.9414007814595824,0.4589583125341399,False,False,False,True,True,False,True,False,False,False,True
Maruti Alto 800 LXI,0.2448515346383197,-0.2639986062760534,False,False,False,True,False,False,True,False,True,False,False
Ford Fiesta Classic 1.4 SXI Duratorq,-1.6531521711183237,1.09090578931896,True,False,False,False,True,False,True,False,False,False,True
Honda Amaze S i-DTEC,0.7193524610774805,0.45373349975975436,True,False,False,False,True,False,True,False,False,False,False
Ford Figo Diesel EXI,0.2448515346383197,-0.0073031298889681484,True,False,False,False,False,False,True,False,True,False,False
Honda City 1.3 DX,-2.3649035607770648,2.046664223657768,False,False,False,True,True,False,True,False,True,False,False
Maruti 800 AC,0.007601071418739302,0.2413427365733525,False,False,False,True,True,False,True,False,False,False,False
Skoda Fabia 1.2 TDI Active,-0.46689985502042153,-0.18343878979945122,True,False,False,False,True,False,True,False,True,False,False
Maruti Ertiga VDI,0.007601071418739302,0.2413427365733525,True,False,False,False,True,False,True,False,False,False,False
Toyota Innova 2.5 G (Diesel) 8 Seater BS IV,-1.6531521711183237,,True,False,False,False,True,False,True,False,False,False,False
Maruti Alto K10 VXI AGS,0.956602924297061,-0.8781902152584904,False,False,False,True,False,False,False,False,False,False,False
Maruti Wagon R VXI BS IV,0.48210199785790014,-0.7726107668785299,False,False,False,True,False,False,True,False,False,False,False
Maruti Alto 800 LXI,1.1938533875166413,,False,False,False,True,True,False,True,False,False,False,False
Tata Indigo LX Dicor,-1.1786512446791628,0.6661242629461562,True,False,False,False,True,False,True,False,False,False,True
Honda City i-VTEC CVT ZX,1.1938533875166413,-1.18167537677554,False,False,False,True,False,False,False,False,False,True,False
Hyundai i10 Magna,-1.1786512446791628,0.7494026811915444,False,False,False,True,True,False,True,False,True,False,False
Hyundai Elite i20 Asta Option CVT BSIV,0.956602924297061,-0.9268064609518577,False,False,False,True,False,False,False,False,False,False,False
Toyota Innova Crysta 2.8 GX AT BSIV,0.7193524610774805,1.09090578931896,True,False,False,False,True,False,False,False,False,False,False
OpelCorsa 1.6Gls,-2.1276530975574843,0.09266920234287121,False,False,False,True,True,False,True,True,False,False,False
Mahindra KUV 100 G80 K2,1.1938533875166413,-0.8206110793586568,False,False,False,True,True,False,True,False,True,False,False
Nissan Micra XL CVT,0.48210199785790014,-0.6082203161722549,False,False,False,True,True,False,False,False,True,False,False
Tata Zest Quadrajet 1.3 75PS XE,0.48210199785790014,0.6661242629461562,True,False,False,False,True,False,True,False,True,False,False
Toyota Fortuner 3.0 Diesel,-0.9414007814595824,0.878515026132558,True,False,False,False,True,False,True,False,True,False,False
Honda BR-V i-VTEC VX MT,0.956602924297061,-0.6931766214468157,False,False,False,True,False,False,True,False,False,False,False
Maruti Alto LXi,-0.22964939180084112,-0.6082203161722549,False,False,False,True,True,False,True,False,True,False,False
Tata Zest Revotron 1.2 XT,0.2448515346383197,-0.7144156977654559,False,False,False,True,True,False,True,False,False,False,False
Tata Nano Twist XT,0.48210199785790014,-1.0542409188636988,False,False,False,True,True,False,True,False,False,False,False
Hyundai Creta 1.6 CRDi SX,0.48210199785790014,-0.2112195016242326,True,False,False,False,False,True,True,False,False,False,False
Mahindra Scorpio LX BSIV,0.2448515346383197,0.45373349975975436,True,False,False,False,True,False,True,False,True,False,False
Ford Endeavour 2.5L 4X2 MT,-2.1276530975574843,0.5262649453879106,True,False,False,False,False,False,True,False,False,False,False
Renault KWID RXT,0.7193524610774805,,False,False,False,True,True,False,True,False,False,False,False
Toyota Etios 1.4 VXD,0.956602924297061,0.02895197338695065,True,False,False,False,True,False,True,False,False,False,False
Maruti 800 AC,-2.602154023996645,-0.6082203161722549,False,False,False,True,False,False,True,True,False,False,False
Skoda Fabia 1.2L Diesel Ambiente,-0.704150318240002,0.39001627080383383,True,False,False,False,False,False,True,False,True,False,False
Tata Indica Vista Quadrajet LS,0.2448515346383197,2.0679032999764084,True,False,False,False,True,False,True,True,False,False,False
Tata Hexa XTA,1.1938533875166413,-0.7356547740840961,True,False,False,False,True,False,False,False,False,False,False
Renault Pulse RxZ Optional,-0.22964939180084112,-0.4595467819417736,True,False,False,False,False,False,True,False,False,False,False
Hyundai Accent GLX,-0.704150318240002,0.878515026132558,False,False,False,True,True,False,True,False,True,False,False
Maruti Baleno Alpha 1.3,0.7193524610774805,-0.08420982523876426,True,False,False,False,False,True,True,False,False,False,False
Ford Figo Aspire 1.2 Ti-VCT Titanium Plus,0.48210199785790014,,False,False,False,True,False,False,True,False,False,False,False
Maruti Swift VDI BSIV,0.7193524610774805,0.02895197338695065,True,False,False,False,True,False,True,False,False,False,False
Honda WR-V i-DTEC VX,1.1938533875166413,,True,False,False,False,True,False,True,False,False,False,False
Mahindra Verito 1.5 D2 BSIII,-0.46689985502042153,2.2590549868441703,True,False,False,False,True,False,True,False,False,False,False
Hyundai EON D Lite,0.2448515346383197,0.15638643129879176,False,False,False,True,True,False,True,False,True,False,False
Ford Figo Diesel EXI,-0.704150318240002,0.6661242629461562,True,False,False,False,True,False,True,False,False,False,True
Maruti Wagon R VXI Optional,0.956602924297061,0.878515026132558,False,False,False,True,True,False,True,False,True,False,False
Maruti Ciaz 1.4 Alpha,1.1938533875166413,-1.0330018425450587,False,False,False,True,True,False,True,False,False,False,False
Hyundai Santro Xing GLS Audio LPG,-0.22964939180084112,0.6661242629461562,False,False,True,False,True,False,True,False,False,False,False
Mahindra XUV500 W8 4WD,-0.22964939180084112,0.16254576343119742,True,False,False,False,False,False,True,False,False,False,False
Hyundai i20 1.2 Asta Option,0.956602924297061,-0.07724340820625028,False,False,False,True,True,False,True,False,False,False,False
Maruti Alto 800 LXI,1.4311038507362217,-1.0330018425450587,False,False,False,True,True,False,True,False,False,False,False
Hyundai Venue SX Opt Turbo BSIV,1.6683543139558021,-1.4344203849673582,False,False,False,True,True,False,True,False,False,False,False
Hyundai Santro Xing XG eRLX Euro III,-1.6531521711183237,1.09090578931896,False,False,False,True,True,False,True,False,False,False,True
Hyundai Santro Magna CNG BSIV,1.4311038507362217,-1.2453926057314606,False,False,False,False,True,False,True,False,False,False,False
Maruti Baleno Delta 1.2,0.956602924297061,,False,False,False,True,False,True,True,False,False,False,False
Honda Accord VTi-L (MT),-1.4159017078987433,0.2413427365733525,False,False,False,True,True,False,True,False,True,False,False
Honda Jazz 1.5 VX i DTEC,0.48210199785790014,-0.6506984688095353,True,False,False,False,True,False,True,False,False,False,False
Honda Amaze V CVT Petrol BSIV,1.1938533875166413,-0.9055673846332175,False,False,False,True,False,False,False,False,False,False,False
Maruti Ertiga ZDI,0.48210199785790014,0.6661242629461562,True,False,False,False,True,False,True,False,False,False,False
Mahindra XUV500 W8 4WD,-0.22964939180084112,0.2413427365733525,True,False,False,False,True,False,True,False,True,False,False
Ford Fiesta 1.6 ZXi Duratec,-0.9414007814595824,-0.22591694243673158,False,False,False,True,True,False,True,False,False,False,True
Skoda Laura Ambiente,-1.1786512446791628,1.09090578931896,True,False,False,False,True,False,True,False,False,False,True
Ford Fiesta 1.6 ZXi Duratec,-1.4159017078987433,-0.18343878979945122,False,False,False,True,True,False,True,False,False,False,True
Hyundai i20 Active 1.4 SX,0.7193524610774805,0.6661242629461562,True,False,False,False,True,False,True,False,False,False,False
Mercedes-Benz New C-Class C 220 CDI Avantgarde,-0.22964939180084112,-0.739902589347824,True,False,False,False,False,False,False,False,True,False,False
Hyundai EON LPG Magna Plus,-0.22964939180084112,0.45373349975975436,False,False,True,False,True,False,True,False,False,False,False
Jaguar XF 5.0 Litre V8 Petrol,-0.22964939180084112,-0.04829454718394371,False,False,False,True,False,False,False,False,True,False,False
Hyundai Xcent 1.2 Kappa SX,0.7193524610774805,-1.2029144530941802,False,False,False,True,True,False,True,False,False,False,False
Tata Indica DLS,-1.890402634337904,0.2413427365733525,True,False,False,False,True,False,True,False,False,False,False
Hyundai Santro Xing GL Plus LPG,-0.46689985502042153,-0.18343878979945122,False,False,True,False,True,False,True,False,True,False,False
Maruti A-Star Vxi,-0.9414007814595824,-0.46528133254780646,False,False,False,True,True,False,True,False,False,False,False
Ford Ecosport 1.5 Diesel Titanium,0.956602924297061,-0.5552500598335663,True,False,False,False,False,False,True,False,False,False,False
Ford Freestyle Trend Petrol BSIV,1.4311038507362217,-1.287870758368741,False,False,False,True,True,False,True,False,False,False,False
Hyundai EON Magna Plus,0.007601071418739302,-0.6082203161722549,False,False,False,True,True,False,True,False,True,False,False
Skoda Octavia Classic 1.9 TDI MT,-2.1276530975574843,1.09090578931896,True,False,False,False,True,False,True,False,True,False,False
Hyundai i20 Asta (o) 1.4 CRDi (Diesel),-0.22964939180084112,0.02895197338695065,True,False,False,False,False,False,True,False,False,False,False
Maruti Zen Estilo LX BSIV,-0.704150318240002,-0.3958295529858531,False,False,False,True,True,False,True,False,False,False,True
Maruti Swift Dzire Vdi BSIV,-0.46689985502042153,0.45373349975975436,True,False,False,False,True,False,True,True,False,False,False
Volkswagen Polo Petrol Comfortline 1.2L,0.007601071418739302,0.6661242629461562,False,False,False,True,True,False,True,False,False,False,False
Hyundai i20 Sportz 1.4 CRDi,1.1938533875166413,-0.8418501556772969,True,False,False,False,False,False,True,False,False,False,False
Renault KWID RXT,0.956602924297061,-0.9268064609518577,False,False,False,True,True,False,True,False,False,False,False
Toyota Innova 2.5 V Diesel 7-seater,-0.9414007814595824,2.4077285210746515,True,False,False,False,True,False,True,False,False,False,True
Hyundai Grand i10 Asta,0.2448515346383197,-0.7889436165675643,False,False,False,True,True,False,True,False,False,False,False
Honda City 1.5 E MT,-0.704150318240002,-0.3958295529858531,False,False,False,True,True,False,True,False,False,False,False
Volkswagen Polo 1.5 TDI Highline,0.48210199785790014,0.02895197338695065,True,False,False,False,True,False,True,False,False,False,False
Volkswagen Passat 1.8 TSI MT,-0.704150318240002,0.2413427365733525,False,False,False,False,True,False,True,False,True,False,False
Nissan Terrano XL Plus 85 PS,0.48210199785790014,0.02895197338695065,True,False,False,False,True,False,True,False,False,False,False
Maruti Alto LX,-1.4159017078987433,1.09090578931896,False,False,False,True,True,False,True,False,False,False,True
Tata Tiago 2019-2020 XE Diesel,0.7193524610774805,-0.6506984688095353,True,False,False,False,False,False,True,False,False,False,False
Maruti Zen LX,-3.076654950435806,-0.3958295529858531,False,False,False,True,True,False,True,False,False,False,False
Maruti Alto 800 LXI,-0.22964939180084112,0.45373349975975436,False,False,False,True,True,False,True,False,False,False,True
Hyundai EON Era Plus,0.2448515346383197,-0.3958295529858531,False,False,False,True,True,False,True,False,False,False,False
Toyota Innova 2.5 GX (Diesel) 8 Seater,,0.6661242629461562,True,False,False,False,True,False,True,False,False,False,False
Mahindra XUV500 AT W6 2WD,0.956602924297061,-0.6082203161722549,True,False,False,False,True,False,False,False,False,False,False
Hyundai Tucson 2.0 e-VGT 2WD MT,0.956602924297061,-0.28963417139265213,True,False,False,False,False,False,True,False,False,False,False
Chevrolet Spark 1.0 LT,-0.46689985502042153,-0.002503098640955466,False,False,False,True,False,False,True,False,False,False,False
Hyundai Getz GLS,-1.4159017078987433,1.09090578931896,False,False,False,True,True,False,True,True,False,False,False
Tata Indica Vista Aura 1.3 Quadrajet,-0.9414007814595824,0.45373349975975436,True,False,False,False,True,False,True,True,False,False,False
Hyundai i20 Active 1.2 SX,0.7193524610774805,-0.9055673846332175,False,False,False,True,True,False,True,False,False,False,False
Ford EcoSport 1.5 TDCi Titanium BSIV,0.7193524610774805,-0.9255108772964207,True,False,False,False,False,False,True,False,False,False,False
Mahindra Thar CRDe ABS,1.4311038507362217,-1.1391972241382595,True,False,False,False,True,False,True,False,False,False,False
Maruti Swift LXI Option,0.48210199785790014,-0.8584803524347923,False,False,False,True,False,True,True,False,False,False,False
Hyundai Xcent 1.2 CRDi E,0.956602924297061,0.2413427365733525,True,False,False,False,True,False,True,False,False,False,False
Hyundai i20 1.2 Magna Executive,0.956602924297061,-0.18343878979945122,False,False,False,True,True,False,True,False,False,False,False
Chevrolet Tavera Neo LS B3 - 7(C) seats BSIII,-0.704150318240002,5.975893342606202,True,False,False,False,True,False,True,False,True,False,False
Renault Scala Diesel RxL,0.007601071418739302,-0.6400789306502153,True,False,False,False,True,False,True,False,False,False,False
Hyundai i20 Magna,-0.704150318240002,0.45373349975975436,False,False,False,True,True,False,True,False,False,False,True
Mercedes-Benz E-Class Exclusive E 200 BSIV,1.1938533875166413,-1.2496404209951886,False,False,False,True,False,False,False,False,False,False,False
Land Rover Discovery Sport TD4 HSE 7S,1.1938533875166413,-0.013526179250329723,True,False,False,False,True,False,False,False,False,False,False
Maruti Wagon R Stingray VXI,0.2448515346383197,-0.20342476061529163,False,False,False,True,False,False,True,False,False,False,False
Tata Tiago 1.2 Revotron XZ,1.1938533875166413,,False,False,False,True,False,False,True,False,False,False,False
Maruti 800 Std BSII,-1.6531521711183237,-0.6082203161722549,False,False,False,True,True,False,True,False,True,False,False
Skoda Rapid 1.5 TDI AT Style BSIV,0.956602924297061,0.2855200153161241,True,False,False,False,True,False,False,False,False,False,False
Hyundai Santro LE zipPlus,-2.8394044872162256,0.02895197338695065,False,False,False,True,True,False,True,False,False,False,False
Tata Indica Vista TDI LS,-0.46689985502042153,-0.18343878979945122,True,False,False,False,True,False,True,False,False,False,True
Skoda Octavia Elegance 2.0 TDI AT,0.2448515346383197,1.4094919340985628,True,False,False,False,True,False,False,False,False,False,True
Hyundai Verna CRDi 1.6 SX Option,1.4311038507362217,0.6661242629461562,True,False,False,False,True,False,True,False,False,False,False
Maruti Swift Dzire VXi,-0.9414007814595824,-0.18343878979945122,False,False,False,True,True,False,True,False,False,False,True
Mahindra Xylo E8,-0.9414007814595824,0.6661242629461562,True,False,False,False,True,False,True,False,True,False,False
Fiat Grande Punto EVO 90HP 1.3 Sport,0.2448515346383197,0.45373349975975436,True,False,False,False,True,False,True,False,False,False,False
Hyundai Santro Xing GLS,-0.9414007814595824,0.2201036602547123,False,False,False,True,True,False,True,False,False,False,True
Tata Indica GLS BS IV,-0.704150318240002,0.878515026132558,False,False,False,True,True,False,True,False,True,False,False
Mahindra XUV300 W8 Option,1.4311038507362217,-1.1391972241382595,False,False,False,True,False,False,True,False,False,False,False
Honda Civic 1.8 S AT,-1.6531521711183237,0.02895197338695065,False,False,False,True,True,False,False,False,False,False,False
Chevrolet Spark 1.0 PS,-0.704150318240002,0.09266920234287121,False,False,False,True,True,False,True,False,False,False,False
Honda Amaze VX i-DTEC,0.7193524610774805,-0.7144156977654559,True,False,False,False,True,False,True,False,False,False,False
Ford EcoSport 1.5 Diesel Titanium BSIV,0.956602924297061,-0.7144156977654559,True,False,False,False,True,False,True,False,False,False,False
Maruti Swift VDI BSIV,0.48210199785790014,0.39001627080383383,True,False,False,False,True,False,True,False,False,False,True
Maruti Grand Vitara MT,-1.4159017078987433,1.6218826972849647,False,False,False,True,True,False,True,False,False,False,True
Hyundai i20 Asta (o),,-0.3108732477112923,False,False,False,True,False,False,True,False,False,False,False
Hyundai i20 1.2 Asta,1.1938533875166413,-1.2453926057314606,False,False,False,True,True,False,True,False,False,False,False
Maruti Zen Estilo LXI BSIII,-1.4159017078987433,0.2413427365733525,False,False,False,True,True,False,True,False,False,False,True
Maruti Alto Green LXi (CNG),-0.704150318240002,,False,False,False,False,False,False,True,False,True,False,False
Toyota Etios Liva 1.2 V,1.1938533875166413,-1.2453926057314606,False,False,False,True,True,False,True,False,False,False,False
Maruti Alto 800 CNG LXI,-0.22964939180084112,0.6024070339902357,False,False,False,False,True,False,True,False,True,False,False
Renault Duster 85PS Diesel RxL,0.007601071418739302,-1.4365442925992222,True,False,False,False,False,False,True,False,True,False,False
Ford Ecosport 1.5 DV5 MT Titanium,0.007601071418739302,0.07143012602423102,True,False,False,False,True,False,True,False,False,False,False
Chevrolet Enjoy TCDi LT 8 Seater,0.2448515346383197,0.878515026132558,True,False,False,False,True,False,True,False,False,False,False
Maruti Swift Dzire ZXI Plus,1.4311038507362217,-1.1391972241382595,False,False,False,True,True,False,True,False,False,False,False
Renault KWID RXT,1.1938533875166413,-0.8949478464738975,False,False,False,True,True,False,True,False,False,False,False
Toyota Etios GD,-0.22964939180084112,2.471445750030572,True,False,False,False,True,False,True,False,False,False,False
Nissan Sunny Diesel XL,-0.22964939180084112,0.878515026132558,True,False,False,False,True,False,True,False,False,False,False
Mahindra TUV 300 T4 Plus,1.1938533875166413,-0.3958295529858531,True,False,False,False,True,False,True,False,False,False,False
Nissan Micra XL,0.007601071418739302,-0.8473723155201435,False,False,False,True,True,False,True,False,False,False,False
Renault Scala Diesel RxL,0.48210199785790014,-0.18343878979945122,True,False,False,False,False,False,True,False,False,False,False
Maruti Wagon R VXI BS IV,-1.4159017078987433,-0.18343878979945122,False,False,False,True,True,False,True,False,True,False,False
Mahindra XUV500 W8 2WD,-0.22964939180084112,0.02895197338695065,True,False,False,False,True,False,True,False,False,False,False
Tata Nano CX,0.2448515346383197,-0.6082203161722549,False,False,False,True,True,False,True,False,False,False,False
Honda Accord 2.4 AT,-0.9414007814595824,-0.6082203161722549,False,False,False,True,True,False,False,False,False,False,True
Honda Amaze VX O iDTEC,0.956602924297061,-1.1817390940044958,True,False,False,False,False,False,True,False,False,False,False
Tata Indigo LS Dicor,-0.46689985502042153,0.2413427365733525,True,False,False,False,True,False,True,False,False,False,False
Nissan Terrano XV Premium 110 PS,0.007601071418739302,0.2413427365733525,False,False,False,False,True,False,True,False,False,False,False
Maruti Swift 1.3 VXi,-1.6531521711183237,-0.04521488111774088,False,False,False,True,True,False,True,False,True,False,False
Toyota Corolla Altis 1.8 J,-1.1786512446791628,-0.7144156977654559,False,False,False,True,True,False,True,False,True,False,False
Mahindra XUV500 W10 1.99 mHawk,0.7193524610774805,-0.9550544324556491,True,False,False,False,False,True,True,False,False,False,False
Maruti Alto LX,-1.1786512446791628,-0.03939537420643347,False,False,False,True,True,False,True,False,True,False,False
Nissan X-Trail SLX MT,-0.704150318240002,0.878515026132558,True,False,False,False,True,False,True,False,True,False,False
Mahindra Scorpio VLX 2.2 mHawk Airbag BSIV,0.2448515346383197,-0.22591694243673158,True,False,False,False,False,False,True,False,True,False,False
Mahindra Scorpio S11 BSIV,,-0.7144156977654559,True,False,False,False,True,False,True,False,False,False,False
Ford Ecosport 1.5 DV5 MT Titanium,0.2448515346383197,-0.41706862930449323,True,False,False,False,True,False,True,False,False,False,False
Toyota Innova 2.5 VX (Diesel) 8 Seater,0.2448515346383197,0.02895197338695065,True,False,False,False,True,False,True,False,False,False,False
Chevrolet Beat Diesel LT,0.007601071418739302,-1.0330018425450587,True,False,False,False,True,False,True,False,False,False,True
Hyundai Santro Xing GL,-0.46689985502042153,1.8767516131086468,False,False,False,True,True,False,True,False,False,False,False
Hyundai i20 Asta (o),-0.9414007814595824,-0.3958295529858531,False,False,False,True,True,False,True,False,False,False,False
Hyundai Verna 1.6 SX CRDi (O),0.007601071418739302,0.02895197338695065,True,False,False,False,True,False,True,False,True,False,False
Hyundai Grand i10 1.2 Kappa Sportz BSIV,0.7193524610774805,-0.8494325059230515,False,False,False,True,False,False,True,False,False,False,False
Maruti Zen VXI,-1.6531521711183237,0.17762550761743195,False,False,False,True,True,False,True,False,True,False,False
Hyundai Verna CRDi 1.6 SX Option,1.4311038507362217,-0.9268064609518577,True,False,False,False,True,False,True,False,False,False,False
Maruti 800 AC,-2.602154023996645,0.6661242629461562,False,False,False,True,True,False,True,False,True,False,False
Hyundai EON Sportz,-0.22964939180084112,-0.27336503893257375,False,False,False,True,False,False,True,False,True,False,False
Maruti Swift Dzire VDI,0.48210199785790014,-0.3958295529858531,True,False,False,False,True,False,True,False,False,False,False
Maruti Swift Dzire LXi,-0.46689985502042153,0.6661242629461562,False,False,False,True,True,False,True,False,True,False,False
Maruti Swift ZXI Plus,1.1938533875166413,-0.8206110793586568,False,False,False,True,True,False,True,False,False,False,False
Maruti Ertiga SHVS VDI,0.7193524610774805,-0.18343878979945122,True,False,False,False,True,False,True,False,False,False,False
Maruti Baleno Zeta Automatic,1.1938533875166413,-0.9055673846332175,False,False,False,True,True,False,False,False,False,False,False
Tata Indica GLS BS IV,-0.704150318240002,4.913939526674193,False,False,False,True,True,False,True,False,False,False,True
Maruti Omni MPI STD BSIV,1.1938533875166413,-1.0330018425450587,False,False,False,True,True,False,True,False,False,False,False
Renault KWID RXT,0.7193524610774805,0.02895197338695065,False,False,False,True,True,False,True,False,True,False,False
Maruti SX4 ZDI,-0.46689985502042153,0.45373349975975436,True,False,False,False,True,False,True,False,False,False,True
Tata Indica Vista TDI LX,0.48210199785790014,-0.3958295529858531,True,False,False,False,True,False,True,False,True,False,False
Hyundai i20 Active 1.2 S,1.1938533875166413,-0.8206110793586568,False,False,False,True,True,False,True,False,False,False,False
Maruti Alto 800 LXI,0.007601071418739302,,False,False,False,True,True,False,True,False,True,False,False
Maruti Wagon R LXI CNG,0.7193524610774805,-0.8206110793586568,False,False,False,False,True,False,True,False,True,False,False
Chevrolet Beat Diesel LT,-0.22964939180084112,-0.6082203161722549,True,False,False,False,True,False,True,False,False,False,False
Mercedes-Benz E-Class E250 CDI Blue Efficiency,-0.22964939180084112,-0.7144156977654559,True,False,False,False,True,False,False,False,False,False,False
Renault Duster 85PS Diesel RxL Optional,0.007601071418739302,1.09090578931896,True,False,False,False,True,False,True,False,False,False,False
BMW 5 Series 520d Luxury Line,1.1938533875166413,-1.2576687918436344,True,False,False,False,True,False,False,False,False,False,False
Mahindra XUV500 W8 2WD,,-0.5659970324507982,True,False,False,False,False,False,True,False,False,False,False
Maruti Alto LXi,,0.6661242629461562,False,False,False,True,True,False,True,False,False,False,False
Ford Ecosport 1.5 Diesel Titanium,0.7193524610774805,-0.22795589376332104,True,False,False,False,False,False,True,False,False,False,False
Hyundai i10 Magna,-0.9414007814595824,-0.03334223745562102,False,False,False,True,False,False,True,False,False,False,False
Volkswagen Polo Diesel Highline 1.2L,-0.22964939180084112,0.17762550761743195,True,False,False,False,False,False,True,False,False,False,True
Hyundai EON Magna,-0.22964939180084112,-0.3295211567190584,False,False,False,True,False,False,True,False,True,False,False
Hyundai Getz 1.5 CRDi GVS,-1.1786512446791628,,True,False,False,False,True,False,True,False,False,False,True
Maruti Swift Vdi BSIII,-0.704150318240002,0.878515026132558,True,False,False,False,True,False,True,False,True,False,False
Hyundai Verna 1.6 SX,0.007601071418739302,-0.07724340820625028,True,False,False,False,False,False,True,False,False,False,False
Chevrolet Sail Hatchback LS ABS,0.007601071418739302,,True,False,False,False,True,False,True,False,True,False,False
Mahindra Scorpio REV 116,-1.6531521711183237,3.214813421182978,False,False,False,True,True,False,True,False,True,False,False
Maruti Ertiga VXI CNG,1.1938533875166413,0.2413427365733525,False,False,False,False,True,False,True,False,False,False,False
Maruti Ritz VDi,-0.46689985502042153,-0.33434242704338973,True,False,False,False,False,False,True,False,False,False,False
Ford Aspire Titanium BSIV,1.6683543139558021,-1.4363319018360359,False,False,False,True,False,False,True,False,False,True,False
Maruti Esteem Lxi,-2.1276530975574843,-0.18343878979945122,False,False,False,True,True,False,True,False,False,False,False
Mahindra Bolero 2011-2019 SLX 2WD BSIII,0.007601071418739302,0.20763632245567054,True,False,False,False,False,False,True,False,True,False,False
Maruti Wagon R LXI CNG,-0.46689985502042153,-0.18343878979945122,False,False,False,False,True,False,True,False,True,False,False
Honda City i DTEC SV,0.2448515346383197,0.878515026132558,True,False,False,False,True,False,True,False,False,False,False
Mahindra Scorpio 1.99 S6 Plus,0.956602924297061,-0.18343878979945122,True,False,False,False,True,False,True,False,False,False,False
Maruti Swift DDiS LDI,0.7193524610774805,-0.3108732477112923,True,False,False,False,False,False,True,False,False,False,False
Maruti Gypsy King HT BSIV,-2.8394044872162256,-0.40944380090610144,False,False,False,True,True,False,True,False,False,False,True
Ford EcoSport 1.5 Ti VCT MT Titanium BE BSIV,1.1938533875166413,-1.0542409188636988,False,False,False,True,False,False,True,False,False,False,False
Tata Indica Vista Aura 1.2 Safire,-0.704150318240002,1.09090578931896,False,False,False,True,True,False,True,False,True,False,False
Maruti SX4 Zxi with Leather BSIII,-1.1786512446791628,-0.18343878979945122,False,False,False,True,True,False,True,False,True,False,False
Maruti Ertiga VDI Limited Edition,0.2448515346383197,0.2413427365733525,True,False,False,False,True,False,True,False,True,False,False
Maruti Vitara Brezza ZDi,1.1938533875166413,-0.3958295529858531,True,False,False,False,True,False,True,False,False,False,False
Hyundai Accent GLE,-0.9414007814595824,0.7935587208579974,False,False,False,True,True,False,True,False,False,False,True
Hyundai Verna CRDi,-0.9414007814595824,0.45373349975975436,True,False,False,False,True,False,True,False,False,False,False
Maruti Swift DDiS VDI,0.48210199785790014,-0.006984543744188545,True,False,False,False,False,True,True,False,False,False,False
Chevrolet Beat LS,-0.46689985502042153,-0.18343878979945122,False,False,False,True,True,False,True,False,False,False,True
Ford Fiesta 1.5 TDCi Titanium,-0.22964939180084112,0.49621165239703474,True,False,False,False,False,False,True,False,False,False,True
Hyundai i20 1.4 Sportz,0.956602924297061,,True,False,False,False,False,False,True,False,False,False,False
Maruti Celerio Green VXI,0.956602924297061,0.19886458393607215,False,False,False,False,True,False,True,False,False,False,False
Maruti Swift Dzire VDI,0.7193524610774805,0.2413427365733525,True,False,False,False,True,False,True,False,False,False,False
Volkswagen Ameo 1.5 TDI Highline 16 Alloy,0.956602924297061,0.2413427365733525,True,False,False,False,True,False,True,False,False,False,False
Tata Tiago 1.05 Revotorq XE,0.7193524610774805,-0.6506984688095353,True,False,False,False,False,False,True,False,False,False,False
Toyota Innova 2.5 G (Diesel) 7 Seater,0.7193524610774805,0.13514735498015157,True,False,False,False,False,False,True,False,False,False,False
Mahindra Xylo E4,-0.704150318240002,1.303296552505362,True,False,False,False,True,False,True,False,False,False,False
Honda City Corporate Edition,0.007601071418739302,-0.4969063171862617,False,False,False,True,False,False,True,False,False,False,False
Mahindra XUV500 W11 AT BSIV,1.1938533875166413,-0.7144156977654559,False,False,False,False,True,False,False,False,False,False,False
Maruti Alto 800 LXI,1.1938533875166413,-0.7144156977654559,False,False,False,True,True,False,True,False,False,False,False
Honda City VTEC,-2.3649035607770648,0.45373349975975436,False,False,False,True,True,False,True,True,False,False,False
Ford Figo Aspire Facelift,1.1938533875166413,,True,False,False,False,False,False,True,False,False,False,False
Hyundai i20 Magna Optional 1.4 CRDi,0.007601071418739302,0.6661242629461562,True,False,False,False,True,False,True,False,False,False,False
Hyundai Grand i10 1.2 Kappa Era,0.48210199785790014,-0.8418501556772969,False,False,False,True,False,False,True,False,False,False,False
Chevrolet Spark 1.0 LS,-0.9414007814595824,0.45373349975975436,False,False,False,True,True,False,True,False,False,False,False
Maruti Alto LXi,-1.4159017078987433,,False,False,False,True,True,False,True,False,True,False,False
Maruti Swift Dzire VDI,0.956602924297061,-0.18343878979945122,True,False,False,False,True,False,True,False,False,False,False
Maruti SX4 ZXI AT,-0.9414007814595824,1.09090578931896,False,False,False,False,True,False,False,False,True,False,False
Mahindra Xylo D4 BSIV,0.007601071418739302,1.7625703388196372,True,False,False,False,True,False,True,False,True,False,False
Hyundai EON 1.0 Era Plus,-0.22964939180084112,-0.4383077056231334,False,False,False,True,False,False,True,False,False,False,False
Maruti Wagon R VXI BS IV,-0.22964939180084112,-0.18343878979945122,False,False,False,True,True,False,True,False,True,False,False
Maruti Alto K10 VXI Airbag,1.4311038507362217,-1.3515879873246615,False,False,False,True,True,False,True,False,False,False,False
Volkswagen Jetta 1.4 TSI Comfortline,0.956602924297061,-0.16644752874453905,False,False,False,True,True,False,True,False,False,False,False
Toyota Innova Crysta 2.4 GX AT,1.1938533875166413,-0.9485977532547826,True,False,False,False,False,False,False,False,True,False,False
Maruti Alto VXi,-2.602154023996645,-0.18343878979945122,False,False,False,True,True,False,True,False,False,False,True
Maruti Alto LXi,-0.9414007814595824,1.09090578931896,False,False,False,True,True,False,True,False,True,False,False
Mahindra Quanto C8,0.007601071418739302,-0.9268064609518577,True,False,False,False,True,False,True,False,True,False,False
Chevrolet Spark 1.0 LS,-0.9414007814595824,-0.506272749842782,False,False,False,True,True,False,True,False,True,False,False
Toyota Etios GD,-0.22964939180084112,,True,False,False,False,True,False,True,False,False,False,False
Maruti Ciaz ZXi,0.7193524610774805,-0.8206110793586568,False,False,False,True,False,False,True,False,False,False,False
Tata Tiago 1.2 Revotron XZA,1.4311038507362217,-1.1391972241382595,False,False,False,True,True,False,False,False,True,False,False
Tata Sumo GX TC 8 Str,-0.704150318240002,1.09090578931896,True,False,False,False,True,False,True,False,True,False,False
Mahindra XUV500 W6 2WD,-0.22964939180084112,0.2413427365733525,True,False,False,False,True,False,True,False,False,False,False
Datsun GO T Petrol,0.48210199785790014,-0.7635629203667893,False,False,False,True,False,False,True,False,False,False,False
Maruti Swift Dzire AMT VDI,1.1938533875166413,-0.3958295529858531,True,False,False,False,True,False,False,False,False,False,False
Toyota Innova 2.5 G (Diesel) 8 Seater,0.2448515346383197,0.02895197338695065,True,False,False,False,True,False,True,False,True,False,False
Mahindra KUV 100 D75 K6 Plus,0.956602924297061,0.05019104970559084,True,False,False,False,False,False,True,False,False,False,False
Tata New Safari DICOR 2.2 EX 4x2,-0.22964939180084112,-0.07724340820625028,True,False,False,False,False,False,True,False,False,False,False
Chevrolet Beat LT,-0.704150318240002,0.2413427365733525,False,False,False,True,True,False,True,False,True,False,False
Ford Figo Diesel EXI,-0.46689985502042153,-0.2868730914712289,True,False,False,False,False,False,True,False,True,False,False
Maruti Baleno Sigma 1.2,0.48210199785790014,-1.2453926057314606,False,False,False,True,True,False,True,False,False,False,False
Mahindra Bolero Power Plus ZLX,0.956602924297061,,True,False,False,False,True,False,True,False,False,False,False
Ford Figo Diesel EXI,-0.46689985502042153,0.45373349975975436,True,False,False,False,True,False,True,False,False,False,True
Nissan Terrano XL 110 PS,0.2448515346383197,1.449973613561891,False,False,False,False,True,False,True,False,False,False,False
Chevrolet Beat Diesel LT Option,-0.9414007814595824,-0.24715601875537177,True,False,False,False,False,False,True,False,True,False,False
Mahindra Thar 4X4,0.007601071418739302,-0.9268064609518577,True,False,False,False,True,False,True,False,False,False,True
Maruti Swift Dzire LDi,-0.704150318240002,0.878515026132558,True,False,False,False,True,False,True,False,False,False,True
Tata Manza ELAN Quadrajet BS IV,-0.46689985502042153,0.6661242629461562,True,False,False,False,True,False,True,False,False,False,False
Maruti Swift VXI Deca,0.7193524610774805,-0.6506984688095353,False,False,False,True,True,False,True,False,False,False,False
Mahindra Xylo E4 ABS BS IV,0.007601071418739302,-0.5657421635349745,True,False,False,False,True,False,True,False,False,False,False
Honda City i VTEC VX,0.956602924297061,-0.5869812398536147,False,False,False,True,False,False,True,False,False,False,False
Hyundai Accent CRDi,-2.1276530975574843,1.09090578931896,True,False,False,False,True,False,True,False,True,False,False
Hyundai EON Era Plus,0.007601071418739302,0.2413427365733525,False,False,False,True,True,False,True,False,False,False,False
Hyundai Creta 1.6 SX Option,0.956602924297061,-1.2666316820501007,False,False,False,True,False,False,True,False,False,False,False
Mahindra Quanto C6,0.007601071418739302,,True,False,False,False,True,False,True,False,True,False,False
Hyundai EON D Lite,0.7193524610774805,-0.8206110793586568,False,False,False,True,True,False,True,False,False,False,False
Tata Nano CX SE,0.48210199785790014,-0.502024934579054,False,False,False,True,False,False,True,False,False,False,False
Ford Freestyle Titanium Plus Diesel BSIV,1.1938533875166413,-0.9055673846332175,True,False,False,False,False,False,True,False,False,False,False
Maruti Celerio VXI,0.7193524610774805,-0.26839509507401194,False,False,False,True,False,False,True,False,False,False,False
Fiat Grande Punto Emotion 90Hp,0.007601071418739302,0.2413427365733525,True,False,False,False,True,False,True,False,False,False,False
Maruti Swift Dzire VDI,1.1938533875166413,-1.0330018425450587,True,False,False,False,True,False,True,False,False,False,False
Tata Bolt Quadrajet XE,0.7193524610774805,1.09090578931896,True,False,False,False,True,False,True,False,False,False,False
Maruti Wagon R LX,-1.6531521711183237,0.5811679576715955,False,False,False,True,True,False,True,False,True,False,False
Hyundai EON 1.0 Era Plus,0.956602924297061,-0.8452908860409167,False,False,False,True,True,False,True,False,False,False,False
Nissan Terrano XL Plus 85 PS,0.2448515346383197,0.2413427365733525,True,False,False,False,True,False,True,False,True,False,False
Mahindra Bolero 2011-2019 SLX,0.007601071418739302,0.8147977971766376,True,False,False,False,True,False,True,False,False,False,False
Toyota Innova 2.5 GX (Diesel) 7 Seater,0.2448515346383197,3.724551252830343,True,False,False,False,True,False,True,False,False,False,False
Hyundai Santro Xing XL AT eRLX Euro III,-1.6531521711183237,0.6661242629461562,False,False,False,True,True,False,False,False,False,False,True
Mahindra Scorpio 1.99 S4,0.7193524610774805,-0.18343878979945122,True,False,False,False,True,False,True,False,False,False,False
Honda Amaze S Petrol BSIV,1.6683543139558021,-1.4365442925992222,False,False,False,True,True,False,True,False,False,False,False
Nissan Terrano XL 85 PS,0.7193524610774805,0.6661242629461562,True,False,False,False,True,False,True,False,True,False,False
Chevrolet Beat Diesel,-0.22964939180084112,0.878515026132558,True,False,False,False,True,False,True,False,False,False,False
Toyota Innova 2.5 VX (Diesel) 7 Seater,0.007601071418739302,1.0437550398915787,True,False,False,False,True,False,True,False,True,False,False
Hyundai i20 Asta Option 1.4 CRDi,0.48210199785790014,0.2413427365733525,True,False,False,False,True,False,True,False,False,False,False
Maruti Swift VDI,0.007601071418739302,2.152859605250969,True,False,False,False,True,False,True,False,False,False,False
Hyundai i20 Sportz Option 1.2,0.7193524610774805,-0.9268064609518577,False,False,False,True,True,False,True,False,False,False,False
Toyota Etios Liva GD,0.007601071418739302,0.02895197338695065,True,False,False,False,True,False,True,False,True,False,False
Maruti Ciaz ZDi Plus SHVS,0.956602924297061,-0.3639709385078928,True,False,False,False,True,False,True,False,True,False,False
Maruti Zen LX,-3.3139054136553865,0.02895197338695065,False,False,False,True,True,False,True,True,False,False,False
Renault KWID 1.0,0.7193524610774805,-0.6082203161722549,False,False,False,True,True,False,True,False,False,False,False
Tata Indica Vista Aura 1.2 Safire,-0.9414007814595824,0.2413427365733525,False,False,False,True,True,False,True,False,True,False,False
Hyundai Creta 1.6 CRDi SX Option,0.48210199785790014,0.45373349975975436,True,False,False,False,True,False,True,False,True,False,False
Mahindra Bolero SLX 4WD BSIII,-0.46689985502042153,0.878515026132558,True,False,False,False,True,False,True,False,True,False,False
Volkswagen Vento Petrol Highline AT,-0.46689985502042153,0.16188735206531957,False,False,False,True,False,False,False,False,False,False,False
Maruti Alto K10 VXI,1.1938533875166413,-0.987231633078389,False,False,False,True,True,False,True,False,False,False,False
Honda City i DTEC V,0.2448515346383197,0.11390827866151139,True,False,False,False,True,False,True,False,True,False,False
Mahindra Scorpio 2.6 Turbo 7 Str,-1.1786512446791628,1.09090578931896,True,False,False,False,True,False,True,False,True,False,False
Tata New Safari DICOR 2.2 GX 4x2,-0.46689985502042153,0.6661242629461562,True,False,False,False,True,False,True,False,True,False,False
Audi A4 2.0 TDI 177 Bhp Premium Plus,0.007601071418739302,-0.3321123240299325,True,False,False,False,False,False,False,False,False,False,False
Maruti Swift VDI,0.48210199785790014,0.6661242629461562,True,False,False,False,False,False,True,False,False,False,False
Jeep Compass 2.0 Longitude Option BSIV,1.1938533875166413,-0.3958295529858531,True,False,False,False,True,False,True,False,False,False,False
Hyundai EON Sportz,0.7193524610774805,-0.8206110793586568,False,False,False,True,True,False,True,False,False,False,False
Skoda Laura Ambiente 2.0 TDI CR MT,-0.704150318240002,0.6661242629461562,True,False,False,False,True,False,True,False,True,False,False
Mahindra Quanto C8,-0.22964939180084112,0.2413427365733525,True,False,False,False,True,False,True,False,False,False,False
Maruti Ritz LXi,0.7193524610774805,1.9404688420645675,False,False,False,True,True,False,True,False,False,False,False
Toyota Etios Liva 1.2 G,0.2448515346383197,-0.5657421635349745,False,False,False,True,False,False,True,False,True,False,False
Hyundai i20 Asta 1.4 CRDi,0.48210199785790014,0.45373349975975436,True,False,False,False,True,False,True,False,False,False,False
Mahindra Renault Logan 1.5 DLS,-1.1786512446791628,3.066139886952497,True,False,False,False,False,False,True,False,False,False,False
Toyota Etios GD SP,0.007601071418739302,0.13514735498015157,True,False,False,False,False,False,True,False,False,False,False
Hyundai Creta 1.4 CRDi Base,1.1938533875166413,0.02895197338695065,True,False,False,False,True,False,True,False,True,False,False
Honda WR-V i-DTEC V,1.4311038507362217,-0.18343878979945122,True,False,False,False,True,False,True,False,False,False,False
Hyundai Grand i10 Asta Option AT,0.956602924297061,-1.0542409188636988,False,False,False,True,False,False,False,False,False,False,False
Mercedes-Benz E-Class 230,-3.551155876874967,-0.7144156977654559,False,False,False,True,True,False,False,False,True,False,False
Tata Indica GLS BS IV,-0.9414007814595824,0.6661242629461562,False,False,False,True,True,False,True,False,False,False,False
Chevrolet Optra Magnum 2.0 LS,-0.46689985502042153,1.09090578931896,True,False,False,False,True,False,True,False,False,False,False
Tata Manza Aura Safire BS IV,0.007601071418739302,-0.18343878979945122,False,False,False,True,True,False,True,False,False,False,False
Volkswagen Vento 1.5 TDI Highline,0.007601071418739302,0.2413427365733525,True,False,False,False,False,False,True,False,False,False,False
Tata Manza Club Class Quadrajet90 LX,0.007601071418739302,-0.18343878979945122,True,False,False,False,True,False,True,False,False,False,False
Hyundai Santro Xing GLS,-1.1786512446791628,0.6661242629461562,False,False,False,True,True,False,True,False,False,False,False
Maruti Swift VDI,0.007601071418739302,0.45373349975975436,True,False,False,False,True,False,True,False,False,False,False
Maruti Vitara Brezza ZDi Plus Dual Tone,1.1938533875166413,-1.2453926057314606,True,False,False,False,True,False,True,False,False,False,False
Nissan Sunny XL D,0.007601071418739302,0.19886458393607215,True,False,False,False,False,False,True,False,False,False,False
Volkswagen CrossPolo 1.2 MPI,0.7193524610774805,0.878515026132558,False,False,False,True,True,False,True,False,False,False,False
Maruti Alto 800 LXI,1.4311038507362217,-0.9081160737914543,False,False,False,True,True,False,True,False,False,False,False
Hyundai Santro Xing GLS,-1.1786512446791628,0.02895197338695065,False,False,False,True,True,False,True,False,False,False,True
Volkswagen Ameo 1.5 TDI Highline,0.956602924297061,0.02895197338695065,True,False,False,False,True,False,True,False,False,False,False
Maruti Ertiga VDI,-0.22964939180084112,1.09090578931896,True,False,False,False,True,False,True,False,False,False,True
Tata Sumo Victa CX 7/9 Str BSII,-0.22964939180084112,1.09090578931896,True,False,False,False,True,False,True,False,True,False,False
Maruti Wagon R LXI,-1.890402634337904,0.2413427365733525,False,False,False,True,True,False,True,False,False,False,False
Maruti Ertiga SHVS VDI,0.956602924297061,-0.9480455372704979,True,False,False,False,True,False,True,False,False,False,False
Hyundai Elite i20 Diesel Asta Option,1.1938533875166413,-0.5657421635349745,True,False,False,False,True,False,True,False,False,False,False
Maruti Alto 800 VXI,0.7193524610774805,-0.18343878979945122,False,False,False,True,True,False,True,False,False,False,False
Toyota Etios VX,-0.22964939180084112,0.2413427365733525,False,False,False,True,True,False,True,False,False,False,True
Chevrolet Spark 1.0,-1.1786512446791628,0.6661242629461562,False,False,False,True,True,False,True,False,False,False,False
Hyundai Verna CRDi SX ABS,-0.9414007814595824,-0.9268064609518577,True,False,False,False,True,False,True,False,False,False,True
Ford Figo Petrol Titanium,0.48210199785790014,-0.3958295529858531,False,False,False,True,True,False,True,False,True,False,False
Maruti Wagon R LXI,-0.46689985502042153,-0.8528732362866712,False,False,False,True,False,False,True,False,False,False,False
Tata Manza Aura Safire BS IV,-0.704150318240002,-0.18343878979945122,False,False,False,True,True,False,True,False,True,False,False
Toyota Corolla H6,-1.4159017078987433,-0.27264291033774,False,False,False,True,False,False,True,False,True,False,False
Maruti 800 Std,-3.7884063400945474,0.2413427365733525,False,False,False,True,True,False,True,False,True,False,False
Hyundai Sonata AT Leather,-1.6531521711183237,0.2413427365733525,False,False,False,True,True,False,False,False,False,False,True
Hyundai EON Era Plus,1.1938533875166413,-0.8206110793586568,False,False,False,True,True,False,True,False,False,False,False
Ford Fiesta 1.6 ZXi Leather,-1.6531521711183237,0.3137892258962342,False,False,False,True,True,False,True,False,False,False,False
Maruti Alto LXi BSIII,-0.704150318240002,-0.6082203161722549,False,False,False,True,True,False,True,False,True,False,False
Maruti Wagon R VXI BS IV,0.2448515346383197,,False,False,False,True,True,False,True,False,True,False,False
Volkswagen Polo Diesel Comfortline 1.2L,-0.22964939180084112,1.09090578931896,True,False,False,False,True,False,True,False,False,False,False
Honda Mobilio S i VTEC,0.48210199785790014,,False,False,False,True,True,False,True,False,False,False,False
Volkswagen Vento Diesel Highline,0.007601071418739302,1.09090578931896,False,False,False,False,True,False,True,False,True,False,False
Toyota Fortuner 4x2 AT,0.956602924297061,0.2337179081749607,True,False,False,False,False,True,False,False,False,False,False
Honda Civic 1.8 V MT,-1.1786512446791628,0.45373349975975436,False,False,False,True,True,False,True,False,False,False,False
Hyundai Xcent 1.1 CRDi S,0.7193524610774805,2.2590549868441703,True,False,False,False,True,False,True,False,False,False,False
Hyundai Santro Xing XL eRLX Euro III,-1.6531521711183237,-0.18343878979945122,False,False,False,True,False,False,True,False,True,False,False
Mahindra Scorpio LX,-0.704150318240002,0.878515026132558,True,False,False,False,True,False,True,False,False,False,True
Hyundai Getz 1.3 GLS,-1.1786512446791628,-0.3157157571119423,False,False,False,True,True,False,True,False,False,False,False
Maruti Swift Dzire ZDI,0.48210199785790014,0.45373349975975436,True,False,False,False,True,False,True,False,True,False,False
Tata Nano Lx BSIV,-0.704150318240002,-0.20786372756588742,False,False,False,True,False,False,True,False,False,False,False
Maruti 800 AC,-2.1276530975574843,0.010070434539679525,False,False,False,True,True,False,True,False,False,False,True
Mahindra XUV500 W8 2WD,-0.22964939180084112,1.7280780788781656,True,False,False,False,True,False,True,False,True,False,False
Hyundai Creta 1.6 CRDi SX Option,0.7193524610774805,0.45373349975975436,True,False,False,False,True,False,True,False,False,False,False
Hyundai i20 Asta (o),0.2448515346383197,-0.3108732477112923,False,False,False,True,False,False,True,False,True,False,False
Hyundai i20 1.2 Spotz,1.1938533875166413,,False,False,False,True,True,False,True,False,True,False,False
Hyundai Grand i10 CRDi Sportz,0.48210199785790014,0.2413427365733525,True,False,False,False,True,False,True,False,False,False,False
Maruti Celerio VXI,0.48210199785790014,-0.502024934579054,False,False,False,True,True,False,True,False,False,False,False
Maruti Alto 800 VXI,0.7193524610774805,-0.8206110793586568,False,False,False,True,True,False,True,False,False,False,False
Ford Ecosport 1.5 DV5 MT Titanium Optional,0.2448515346383197,0.17762550761743195,True,False,False,False,False,False,True,False,False,False,False
Maruti Alto 800 LXI,0.48210199785790014,-0.7144156977654559,False,False,False,True,True,False,True,False,False,False,False
Mahindra Verito 1.5 D2 BSIII,-0.46689985502042153,4.48915800030139,True,False,False,False,True,False,True,False,False,False,False
Mahindra KUV 100 D75 K2,0.956602924297061,-0.6082203161722549,True,False,False,False,True,False,True,False,False,False,False
Ford Fiesta Diesel Style,0.007601071418739302,0.30505996552927306,True,False,False,False,False,False,True,False,False,False,False
Ford Fiesta Classic 1.4 SXI Duratorq,-1.6531521711183237,0.6894872468966604,True,False,False,False,True,False,True,False,False,False,True
Hyundai Grand i10 AT Asta,0.48210199785790014,-0.11838349903545632,False,False,False,True,False,False,False,False,False,False,False
Chevrolet Captiva LT,-1.1786512446791628,0.6661242629461562,True,False,False,False,True,False,True,True,False,False,False
Ford Figo Diesel Celebration Edition,0.007601071418739302,0.45373349975975436,True,False,False,False,True,False,True,False,True,False,False
Ford Ecosport 1.0 Ecoboost Titanium,0.2448515346383197,0.07143012602423102,False,False,False,True,True,False,True,False,True,False,False
Ford Freestyle Titanium Diesel,1.4311038507362217,-0.9268064609518577,True,False,False,False,True,False,True,False,False,False,False
Hyundai Grand i10 CRDi Sportz,0.48210199785790014,-0.22591694243673158,True,False,False,False,True,False,True,False,False,False,False
Chevrolet Spark 1.0 LT,-0.704150318240002,-1.1391972241382595,False,False,False,True,True,False,True,False,False,False,False
Tata Harrier XZ BSIV,1.4311038507362217,-0.7568938504027363,True,False,False,False,True,False,True,False,False,False,False
Toyota Innova 2.5 VX 8 STR BSIV,-0.22964939180084112,0.02895197338695065,True,False,False,False,True,False,True,False,False,False,False
Chevrolet Aveo 1.4 CNG,-0.46689985502042153,0.6661242629461562,False,False,False,False,True,False,True,False,False,False,False
Hyundai Elantra CRDi S,-0.22964939180084112,-0.6082203161722549,True,False,False,False,True,False,True,False,False,False,False
Hyundai Verna CRDi SX,-1.1786512446791628,1.6431217736036048,True,False,False,False,True,False,True,False,False,False,True
Toyota Corolla Altis D-4D J,0.48210199785790014,0.13514735498015157,True,False,False,False,False,False,True,False,True,False,False
Honda City 1.3 EXI,-2.3649035607770648,1.3530597083199358,False,False,False,True,True,False,True,False,True,False,False
Maruti 800 AC,-1.6531521711183237,-0.3108732477112923,False,False,False,True,True,False,True,False,False,False,False
Honda City i-VTEC SV,0.2448515346383197,-1.0967190715009791,False,False,False,True,False,False,True,False,False,False,False
Hyundai Santro Xing XK eRLX EuroIII,-1.4159017078987433,1.4094919340985628,False,False,False,True,True,False,True,False,True,False,False
Honda Amaze S i-Dtech,0.48210199785790014,-0.03996882926703675,True,False,False,False,False,False,True,False,False,False,False
Mahindra Bolero DI DX 7 Seater,-2.8394044872162256,0.6661242629461562,True,False,False,False,True,False,True,False,False,False,True
Maruti Swift 1.3 VXI ABS,-1.6531521711183237,0.878515026132558,False,False,False,True,True,False,True,False,False,False,True
Mahindra Ingenio CRDe,,3.0024226579965765,True,False,False,False,True,False,True,False,False,False,False
Fiat Linea 1.3 Emotion,-0.704150318240002,-0.07724340820625028,True,False,False,False,False,False,True,False,False,False,False
Hyundai i20 1.2 Sportz,0.007601071418739302,-0.5861104377245505,False,False,False,True,False,False,True,False,False,False,False
Maruti Alto 800 LXI,-1.6531521711183237,1.345774705142642,False,False,False,True,True,False,True,False,False,False,False
Tata Indica GLS BS IV,-1.1786512446791628,-0.18343878979945122,False,False,False,True,True,False,True,False,False,False,False
Honda Amaze V Diesel BSIV,1.1938533875166413,-1.0330018425450587,True,False,False,False,True,False,True,False,False,False,False
Mahindra Scorpio S4 4WD,0.48210199785790014,-0.18343878979945122,True,False,False,False,True,False,True,False,False,False,False
Hyundai Verna 1.6 CRDI,-0.46689985502042153,1.2501988617087614,True,False,False,False,True,False,True,False,True,False,False
Hyundai EON Era Plus,0.007601071418739302,0.2413427365733525,False,False,False,True,True,False,True,False,False,False,False
Tata Indigo CS LE (TDI) BS-III,-0.46689985502042153,0.984710407725759,True,False,False,False,True,False,True,True,False,False,False
Hyundai Santro Xing XG eRLX Euro III,-1.6531521711183237,1.09090578931896,False,False,False,True,True,False,True,False,True,False,False
Skoda Rapid 1.6 MPI AT Elegance Plus,0.48210199785790014,0.02895197338695065,False,False,False,True,True,False,False,False,False,False,False
Maruti Zen LX,-2.1276530975574843,-0.3958295529858531,False,False,False,False,True,False,True,False,False,False,False
Volkswagen Jetta 2.0 TDI Trendline,-0.46689985502042153,2.365250368437371,True,False,False,False,True,False,True,False,True,False,False
Skoda Rapid 1.5 TDI Ambition,0.7193524610774805,0.5174507287156749,True,False,False,False,True,False,True,False,False,False,False
Chevrolet Sail Hatchback 1.2 LS,0.48210199785790014,-0.985107725446525,False,False,False,True,True,False,True,False,False,False,False
Hyundai Santro Xing GLS,-0.22964939180084112,-0.502024934579054,False,False,False,True,True,False,True,False,True,False,False
Honda City V AT,-0.46689985502042153,0.6024070339902357,False,False,False,True,False,False,False,False,True,False,False
Maruti Swift Dzire VDI Optional,0.956602924297061,-0.7144156977654559,True,False,False,False,True,False,True,False,False,False,False
Volkswagen Jetta 1.4 TSI Comfortline,0.007601071418739302,-0.3958295529858531,False,False,False,True,True,False,True,False,False,False,False
Honda City 1.3 EXI,-3.551155876874967,1.09090578931896,False,False,False,True,True,False,True,False,True,False,False
Maruti Wagon R LXI CNG,-0.704150318240002,0.2413427365733525,False,False,False,False,True,False,True,False,True,False,False
Toyota Corolla H3,-2.3649035607770648,1.09090578931896,False,False,False,True,True,False,False,False,True,False,False
Maruti Celerio ZXI Optional AMT BSIV,0.956602924297061,0.28382088921063287,False,False,False,True,True,False,False,False,False,False,False
Tata Indica Vista Aura 1.3 Quadrajet BSIV,-0.704150318240002,0.2413427365733525,True,False,False,False,True,False,True,False,True,False,False
Mahindra Xylo D2 Maxx,0.2448515346383197,2.152859605250969,True,False,False,False,True,False,True,False,False,False,False
Tata Indigo Grand Petrol,0.2448515346383197,0.6661242629461562,False,False,False,True,True,False,True,False,False,False,False
Maruti Alto LXi,-1.4159017078987433,-0.6082203161722549,False,False,False,True,True,False,True,False,True,False,False
Maruti Wagon R VXI,0.2448515346383197,-0.5869812398536147,False,False,False,True,False,False,True,False,False,False,False
Maruti Gypsy King Hard Top,-3.076654950435806,-0.18343878979945122,False,False,False,True,True,False,True,True,False,False,False
Toyota Innova Crysta 2.4 VX MT BSIV,0.956602924297061,0.02895197338695065,True,False,False,False,True,False,True,False,False,False,False
Fiat Linea Dynamic,0.007601071418739302,0.02895197338695065,False,False,False,True,True,False,True,False,False,False,False
Fiat Punto EVO 1.3 Dynamic,0.7193524610774805,-0.7144156977654559,True,False,False,False,True,False,True,False,False,False,False
Chevrolet Cruze LT,-0.22964939180084112,0.45373349975975436,True,False,False,False,True,False,True,True,False,False,False
Maruti Swift Dzire ZXI Plus,0.956602924297061,-1.1391972241382595,False,False,False,True,True,False,True,False,False,False,False
Nissan Sunny XL D,1.1938533875166413,0.02895197338695065,True,False,False,False,True,False,True,False,False,False,False
Mahindra Quanto C6,,-0.18343878979945122,True,False,False,False,True,False,True,False,False,False,False
Maruti Alto K10 LXI CNG Optional,0.7193524610774805,-0.3958295529858531,False,False,False,False,True,False,True,False,False,False,False
Hyundai Santro Xing XK,-1.4159017078987433,-0.28963417139265213,False,False,False,True,True,False,True,False,True,False,False
Maruti Alto 800 Base,0.48210199785790014,-0.6082203161722549,False,False,False,True,True,False,True,False,False,False,False
Maruti Swift Vdi BSIII,-0.9414007814595824,2.7900318948101743,True,False,False,False,False,False,True,True,False,False,False
Toyota Etios Cross 1.2L G,0.48210199785790014,-0.951465028557799,False,False,False,True,False,False,True,False,False,False,False
Hyundai EON Era Plus,0.7193524610774805,-0.933985268747558,False,False,False,True,False,False,True,False,False,False,False
Hyundai Santro Xing GLS,0.2448515346383197,-0.3958295529858531,False,False,False,True,True,False,True,False,True,False,False
Ford Ikon 1.3L Rocam Flair,-1.6531521711183237,0.4767991366417976,False,False,False,True,False,False,True,False,True,False,False
Mahindra Bolero SLE,-0.9414007814595824,2.3227722158000907,True,False,False,False,True,False,True,False,True,False,False
Tata Indica Vista Quadrajet LX,-0.22964939180084112,0.2413427365733525,True,False,False,False,True,False,True,False,False,False,True
Mahindra Scorpio S7 140 BSIV,1.1938533875166413,-1.0330018425450587,True,False,False,False,True,False,True,False,False,False,False
Maruti Wagon R VXI BS IV,0.2448515346383197,-0.6506984688095353,False,False,False,True,True,False,True,False,True,False,False
Mahindra Scorpio VLX 2WD AIRBAG BSIV,0.2448515346383197,3.5971167949185014,True,False,False,False,True,False,True,False,False,False,False
Renault KWID RXT,0.48210199785790014,-1.152684037600596,False,False,False,True,False,False,True,False,False,False,False
Skoda Superb Ambition 2.0 TDI CR AT,0.007601071418739302,0.411255347122474,True,False,False,False,False,False,False,False,False,False,False
Hyundai Grand i10 CRDi Sportz,0.48210199785790014,-0.5657421635349745,True,False,False,False,True,False,True,False,False,False,False
Ford Figo Trend,0.7193524610774805,-0.7147980011391913,False,False,False,True,False,False,True,False,False,False,False
Ford Figo Diesel ZXI,-0.22964939180084112,1.1971011709121608,True,False,False,False,True,False,True,False,True,False,False
Maruti Alto LXi BSIII,-0.704150318240002,-0.3533514003485727,False,False,False,True,True,False,True,False,True,False,False
Chevrolet Sail Hatchback 1.3 TCDi,0.48210199785790014,-0.6082203161722549,True,False,False,False,True,False,True,False,False,False,False
Nissan Terrano XV Premium 110 PS,0.2448515346383197,0.878515026132558,True,False,False,False,True,False,True,False,True,False,False
Volkswagen Ameo 1.2 MPI Trendline,1.1938533875166413,-1.18167537677554,False,False,False,True,False,False,True,False,False,False,False
Hyundai Verna 1.6 CRDi SX,0.48210199785790014,0.2413427365733525,True,False,False,False,True,False,True,False,True,False,False
Chevrolet Aveo 1.6 LT,-1.6531521711183237,-0.7229113282929119,False,False,False,True,True,False,True,False,False,False,True
Hyundai Santro Asta,1.1938533875166413,-1.1179581478196194,False,False,False,True,False,False,True,False,False,False,False
Hyundai EON Era Plus,-0.22964939180084112,-0.4807858582604138,False,False,False,True,True,False,True,False,False,False,False
Maruti Ertiga VXI CNG,0.2448515346383197,-0.25565164928282785,False,False,False,False,False,False,True,False,False,False,False
Hyundai Grand i10 Nios AMT Magna,1.6683543139558021,-1.3728270636433015,False,False,False,True,True,False,False,False,False,False,False
Ford Figo Titanium,1.6683543139558021,-1.434186755127853,False,False,False,True,False,False,True,False,False,True,False
Chevrolet Beat LT Option,0.7193524610774805,-0.5869812398536147,False,False,False,True,False,False,True,False,False,False,False
Tata New Safari DICOR 2.2 EX 4x2,-0.704150318240002,3.8519857107421838,True,False,False,False,True,False,True,False,True,False,False
Maruti Ritz VDi,-0.22964939180084112,1.0696667130003197,True,False,False,False,True,False,True,False,True,False,False
Maruti Wagon R VXI Optional,0.48210199785790014,1.09090578931896,False,False,False,True,True,False,True,False,False,False,False
Maruti Ritz LDi,-0.46689985502042153,0.2413427365733525,True,False,False,False,True,False,True,False,False,False,False
Ford Figo Aspire 1.5 Ti-VCT Titanium,0.956602924297061,-0.5216286020211589,False,False,False,True,False,False,False,False,False,False,False
Hyundai Verna 1.6 SX CRDi (O),-0.22964939180084112,0.878515026132558,True,False,False,False,True,False,True,False,True,False,False
Maruti Esteem Lxi - BSIII,-1.890402634337904,-0.9480455372704979,False,False,False,True,True,False,True,False,False,False,False
Ford Fiesta 1.4 ZXi Duratec,-0.704150318240002,0.878515026132558,False,False,False,True,True,False,True,False,False,False,False
Mahindra KUV 100 mFALCON G80 K2,0.7193524610774805,-0.9268064609518577,False,False,False,True,True,False,True,False,False,False,False
Maruti Wagon R VXI BS IV,0.2448515346383197,-1.1391972241382595,False,False,False,True,True,False,True,False,True,False,False
Honda Amaze E i-Dtech,0.48210199785790014,0.751080568220717,True,False,False,False,True,False,True,False,True,False,False
Mahindra Scorpio VLS AT 2.2 mHAWK,-0.46689985502042153,0.02895197338695065,True,False,False,False,True,False,False,False,False,False,False
Maruti Swift VDI BSIV,-0.9414007814595824,1.09090578931896,True,False,False,False,True,False,True,False,True,False,False
Tata Nano Cx BSIV,-0.22964939180084112,-0.7144156977654559,False,False,False,True,True,False,True,False,True,False,False
Maruti Swift Dzire LXI Option,0.2448515346383197,-0.18343878979945122,False,False,False,True,True,False,True,False,True,False,False
Toyota Etios VD,-0.46689985502042153,1.4094919340985628,True,False,False,False,True,False,True,False,True,False,False
Mahindra Xylo D4 BSIV,0.007601071418739302,2.7900318948101743,True,False,False,False,True,False,True,False,True,False,False
Chevrolet Spark 1.0 LT,-0.9414007814595824,-0.18343878979945122,False,False,False,True,True,False,True,False,False,False,False
Honda Amaze VX i-DTEC,0.007601071418739302,-0.8206110793586568,True,False,False,False,True,False,True,False,False,False,False
Tata Indigo LS,-0.22964939180084112,2.7900318948101743,True,False,False,False,True,False,True,False,False,False,True
Maruti Swift ZDi,0.2448515346383197,-0.6420754038241674,True,False,False,False,False,False,True,False,False,False,False
Datsun GO T BSIV,0.2448515346383197,-0.22591694243673158,False,False,False,True,True,False,True,False,False,False,False
Hyundai EON Era Plus,0.2448515346383197,0.02895197338695065,False,False,False,True,True,False,True,False,False,False,True
Tata Hexa XT 4X4,0.956602924297061,-1.3940661399619418,True,False,False,False,True,False,True,False,False,False,False
Tata Indica Vista Aqua 1.2 Safire BSIV,-0.704150318240002,1.2608183998680815,False,False,False,True,True,False,True,False,False,False,False
Maruti Alto 800 LXI,1.4311038507362217,-0.3958295529858531,False,False,False,True,True,False,True,False,False,False,False
Mahindra Bolero Power Plus Plus AC BSIV PS,0.48210199785790014,-0.6082203161722549,True,False,False,False,True,False,True,False,False,False,False
Tata Indica LSI,-1.6531521711183237,-0.18343878979945122,False,False,False,True,True,False,True,False,True,False,False
Ford Figo Diesel ZXI,-0.22964939180084112,-0.28266775436013813,True,False,False,False,False,False,True,False,False,False,False
Maruti Ertiga VXI,0.48210199785790014,,False,False,False,True,False,True,True,False,False,False,False
Tata Indigo LS,-0.9414007814595824,-1.0330018425450587,True,False,False,False,True,False,True,False,False,False,False
Honda Amaze S i-Dtech,0.007601071418739302,1.258354667015119,True,False,False,False,False,False,True,False,False,False,False
Mahindra Bolero DI,-1.890402634337904,0.45373349975975436,True,False,False,False,True,False,True,False,True,False,False
Maruti Alto LX,-0.46689985502042153,-0.3958295529858531,False,False,False,True,True,False,True,False,False,False,False
Volkswagen Jetta 1.9 L TDI,-0.704150318240002,0.6661242629461562,True,False,False,False,False,False,True,False,False,False,False
Toyota Etios VXD,0.48210199785790014,-0.28963417139265213,True,False,False,False,True,False,True,False,False,False,False
Ford Figo Diesel LXI,-0.46689985502042153,0.17201839146931094,True,False,False,False,False,False,True,False,True,False,False
Mahindra Scorpio VLS AT 2.2 mHAWK,-0.704150318240002,2.6838365132169737,True,False,False,False,True,False,False,False,True,False,False
Ford EcoSport 1.5 Diesel Titanium BSIV,1.1938533875166413,-1.1391972241382595,True,False,False,False,True,False,True,False,False,False,False
Ford Freestyle Titanium Diesel BSIV,0.7193524610774805,-0.8291067098861129,True,False,False,False,False,False,True,False,False,False,False
Maruti Ertiga VDI,0.48210199785790014,-0.18343878979945122,True,False,False,False,True,False,True,False,True,False,False
Maruti Swift VXI,0.007601071418739302,-0.18343878979945122,False,False,False,True,True,False,True,False,True,False,False
Maruti Swift Vdi BSIII,-1.4159017078987433,0.878515026132558,True,False,False,False,True,False,True,True,False,False,False
Maruti Wagon R AMT VXI,0.2448515346383197,-0.8430820221037781,False,False,False,True,False,False,False,False,False,False,False
Ford Figo Aspire 1.5 TDCi Titanium,1.6683543139558021,-0.502024934579054,True,False,False,False,False,False,True,False,False,False,False
Maruti Omni E 8 Str STD,-2.8394044872162256,0.02895197338695065,False,False,False,True,True,False,True,False,False,False,True
Maruti Ignis 1.2 AMT Delta BSIV,0.956602924297061,-1.1391972241382595,False,False,False,True,True,False,False,False,False,False,False
Ford Figo Aspire 1.5 TDCi Titanium,0.7193524610774805,0.02895197338695065,True,False,False,False,True,False,True,False,False,False,False
Chevrolet Beat LT Option,0.7193524610774805,,False,False,False,True,False,False,True,False,False,False,False
Maruti Ertiga SHVS VDI,0.7193524610774805,0.02895197338695065,True,False,False,False,True,False,True,False,True,False,False
Audi A4 New  2.0 TDI Multitronic,0.2448515346383197,-0.5611757621264669,True,False,False,False,False,False,False,False,False,False,False
BMW 5 Series 520d Luxury Line,1.4311038507362217,,True,False,False,False,False,False,False,False,False,False,False
Fiat Linea 1.3 Emotion,0.2448515346383197,1.3322878916803056,True,False,False,False,True,False,True,False,False,False,False
Mahindra Scorpio VLX 2WD BSIII,-1.1786512446791628,1.09090578931896,True,False,False,False,True,False,True,False,False,False,False
Renault Duster 85PS Diesel RxL,0.48210199785790014,0.6661242629461562,True,False,False,False,True,False,True,False,False,False,False
Hyundai Grand i10 1.2 Kappa Asta,1.4311038507362217,-1.2453926057314606,False,False,False,True,True,False,True,False,False,False,False
Hyundai i20 Asta,-0.704150318240002,0.878515026132558,False,False,False,True,True,False,True,False,True,False,False
Maruti S-Cross Delta DDiS 200 SH,1.4311038507362217,-1.2453926057314606,True,False,False,False,True,False,True,False,False,False,False
Datsun GO Plus T Option BSIV,0.48210199785790014,-1.0117627662264184,False,False,False,True,True,False,True,False,False,False,False
Maruti Ertiga VDI,-0.22964939180084112,0.878515026132558,True,False,False,False,True,False,True,False,True,False,False
Tata New Safari DICOR 2.2 EX 4x2,-1.1786512446791628,0.45373349975975436,True,False,False,False,True,False,True,False,True,False,False
Maruti Eeco 5 Seater AC BSIV,1.1938533875166413,-1.2411447904677324,False,False,False,True,False,False,True,False,False,False,False
Hyundai Xcent 1.1 CRDi Base,0.956602924297061,0.2413427365733525,True,False,False,False,True,False,True,False,False,False,False
Toyota Innova 2.5 VX 8 STR,-0.22964939180084112,0.28382088921063287,True,False,False,False,True,False,True,False,False,False,False
Toyota Innova Crysta 2.4 VX MT BSIV,0.956602924297061,-0.9268064609518577,True,False,False,False,True,False,True,False,False,False,False
Maruti Ertiga VXI,0.2448515346383197,-0.7144156977654559,False,False,False,True,True,False,True,False,False,False,False
Maruti Alto 800 LXI,1.1938533875166413,-0.7144156977654559,False,False,False,True,True,False,True,False,False,False,False
Maruti Wagon R VXI Minor ABS,-0.704150318240002,-0.3958295529858531,False,False,False,True,True,False,True,False,False,False,False
Honda Amaze VX i-DTEC,0.2448515346383197,1.536926392010404,True,False,False,False,True,False,True,False,True,False,False
Renault Duster 110PS Diesel RxZ,0.956602924297061,-0.3958295529858531,True,False,False,False,True,False,True,False,False,False,False
Renault Duster 110PS Diesel RxZ,0.007601071418739302,1.09090578931896,True,False,False,False,True,False,True,False,False,False,False
Maruti Ciaz ZDi Plus SHVS,0.7193524610774805,-0.3958295529858531,True,False,False,False,False,False,True,False,False,False,False
Hyundai Xcent 1.2 Kappa Base,0.2448515346383197,-0.18343878979945122,False,False,False,True,True,False,True,False,True,False,False
Maruti Alto K10 VXI,0.956602924297061,-0.9268064609518577,False,False,False,True,False,False,True,False,False,False,False
Maruti Alto LXi,-1.1786512446791628,0.6661242629461562,False,False,False,True,True,False,True,False,False,False,False
Maruti Alto 800 LXI,0.48210199785790014,-1.1391972241382595,False,False,False,True,True,False,True,False,True,False,False
Mahindra XUV500 AT W10 AWD,0.956602924297061,-1.1391972241382595,True,False,False,False,False,False,False,False,True,False,False
Maruti Swift VXI Deca,0.956602924297061,-0.6082203161722549,False,False,False,True,True,False,True,False,False,False,False
Tata Indica Vista Quadrajet 90 VX,-0.22964939180084112,0.12028000155710344,True,False,False,False,False,False,True,False,False,False,False
Maruti 800 Std,-2.3649035607770648,-0.3108732477112923,False,False,False,True,True,False,True,False,False,False,False
Tata Indica Vista Quadrajet LS,-0.22964939180084112,0.2413427365733525,True,False,False,False,True,False,True,False,True,False,False
Mahindra TUV 300 T6 Plus,1.1938533875166413,-1.0330018425450587,True,False,False,False,True,False,True,False,False,False,False
Mahindra Quanto C6,0.007601071418739302,0.6661242629461562,True,False,False,False,True,False,True,False,False,False,False
Maruti Swift Dzire ZDI,0.7193524610774805,0.007712897068310464,True,False,False,False,True,False,True,False,False,False,False
Mitsubishi Montero 3.2 MT,-1.4159017078987433,2.365250368437371,True,False,False,False,True,False,True,False,False,False,False
Ford EcoSport 1.5 Ti VCT MT Trend BSIV,0.956602924297061,-1.053943571795238,False,False,False,True,False,False,True,False,False,False,False
Chevrolet Tavera LS B3 7 Seats BSII,-1.890402634337904,1.7280780788781656,True,False,False,False,True,False,True,False,False,False,False
Hyundai i20 2015-2017 Sportz Option 1.4 CRDi,0.2448515346383197,0.02895197338695065,True,False,False,False,False,False,True,False,False,False,False
Hyundai i10 Sportz 1.2 AT,0.007601071418739302,-0.6506984688095353,False,False,False,True,False,False,False,False,False,False,False
Hyundai i10 Era,-0.9414007814595824,0.2413427365733525,False,False,False,True,True,False,True,False,False,False,True
Mahindra XUV500 W7 BSIV,1.1938533875166413,-1.0330018425450587,True,False,False,False,True,False,True,False,False,False,False
Maruti Wagon R LXI Minor,-0.9414007814595824,0.02895197338695065,False,False,False,True,True,False,True,False,False,False,False
Mercedes-Benz C-Class Progressive C 220d,1.1938533875166413,-1.2453926057314606,True,False,False,False,False,False,False,False,False,False,False
Renault KWID 1.0 RXT Optional,0.956602924297061,-0.8142393564630648,False,False,False,True,True,False,True,False,False,False,False
Hyundai Verna 1.6 CRDI SX Option,0.7193524610774805,0.13514735498015157,True,False,False,False,True,False,True,False,False,False,False
Hyundai Verna 1.6 CRDi SX,0.7193524610774805,0.09266920234287121,True,False,False,False,False,False,True,False,False,False,False
Hyundai Accent GLE 1,-3.3139054136553865,0.45373349975975436,False,False,False,True,True,False,True,True,False,False,False
Land Rover Discovery Sport SD4 HSE Luxury,0.7193524610774805,-0.3321123240299325,True,False,False,False,False,False,False,False,False,False,False
Volkswagen Polo 1.2 MPI Highline,0.2448515346383197,-0.6082203161722549,False,False,False,True,True,False,True,False,False,False,False
Maruti Swift Dzire VDI,-0.22964939180084112,0.2413427365733525,True,False,False,False,True,False,True,False,False,False,True
Maruti Swift VXi BSIV,-1.1786512446791628,0.6661242629461562,False,False,False,True,True,False,True,False,True,False,False
Hyundai i20 1.2 Magna,-0.22964939180084112,-0.5232640108976941,False,False,False,True,True,False,True,False,False,False,False
Chevrolet Enjoy TCDi LTZ 7 Seater,0.007601071418739302,-0.7568938504027363,True,False,False,False,True,False,True,False,True,False,False
Mahindra Scorpio S6 Plus 7 Seater,0.48210199785790014,-0.3533514003485727,True,False,False,False,False,False,True,False,False,False,False
Audi Q7 35 TDI Quattro Premium,-0.9414007814595824,0.19886458393607215,True,False,False,False,False,False,False,False,False,False,True
Maruti Swift Dzire LDI,1.1938533875166413,-0.6506984688095353,True,False,False,False,True,False,True,False,True,False,False
Volvo XC 90 D5 Inscription BSIV,0.956602924297061,0.2413427365733525,True,False,False,False,True,False,False,False,False,False,False
Maruti Ciaz VDi,0.48210199785790014,0.4677088119774196,True,False,False,False,False,False,True,False,False,False,False
Hyundai EON Era Plus,0.48210199785790014,-1.0117627662264184,False,False,False,True,False,False,True,False,True,False,False
Hyundai i20 1.4 Sportz,0.956602924297061,-0.7144156977654559,True,False,False,False,True,False,True,False,False,False,False
Hyundai i20 1.4 Magna Executive,0.007601071418739302,-0.3533514003485727,True,False,False,False,False,False,True,False,False,False,False
Tata Tiago 1.05 Revotorq XE,0.7193524610774805,-0.6506984688095353,True,False,False,False,False,False,True,False,False,False,False
Honda Brio Exclusive Edition,0.2448515346383197,-0.756192960884221,False,False,False,True,False,False,True,False,False,False,False
Hyundai Creta 1.6 SX Automatic Diesel,0.48210199785790014,-0.29740767332527446,True,False,False,False,False,True,False,False,True,False,False
BMW 5 Series 520d Luxury Line,0.956602924297061,-0.6082203161722549,True,False,False,False,True,False,False,False,False,False,False
Mitsubishi Pajero 2.8 SFX BSIV Dual Tone,-0.46689985502042153,1.09090578931896,True,False,False,False,True,False,True,False,False,False,False
Toyota Qualis FS B3,-2.8394044872162256,3.979420168654025,True,False,False,False,False,False,True,False,False,False,False
Mahindra Scorpio VLX 2WD AT BSIV,-0.9414007814595824,1.8342734604713664,True,False,False,False,True,False,False,False,False,False,True
Maruti Swift VDI,0.007601071418739302,1.1971011709121608,True,False,False,False,True,False,True,False,True,False,False
Maruti Ertiga SHVS ZDI,0.956602924297061,-0.09848248452489047,True,False,False,False,False,False,True,False,False,False,False
Maruti 800 Std,0.007601071418739302,-0.18343878979945122,False,False,False,True,True,False,True,False,False,False,False
Tata Hexa XTA,0.956602924297061,-0.3958295529858531,True,False,False,False,True,False,False,False,False,False,False
Maruti Alto 800 LXI,0.7193524610774805,-0.502024934579054,False,False,False,True,True,False,True,False,True,False,False
Ford Figo Aspire 1.5 TDCi Trend,0.48210199785790014,1.698768153558442,True,False,False,False,False,False,True,False,False,False,False
Jaguar XJ 5.0 L V8 Supercharged,-0.704150318240002,-0.6082203161722549,False,False,False,True,True,False,False,False,True,False,False
Renault KWID 1.0 RXT Optional,1.1938533875166413,-1.1391972241382595,False,False,False,True,True,False,True,False,False,False,False
Toyota Innova 2.5 VX (Diesel) 7 Seater,0.007601071418739302,0.2413427365733525,True,False,False,False,True,False,True,False,False,False,True
Hyundai Verna 1.6 SX CRDi (O),0.007601071418739302,0.05019104970559084,True,False,False,False,False,False,True,False,False,False,False
Maruti Swift AMT VXI,1.1938533875166413,-1.075479995182339,False,False,False,True,True,False,False,False,False,False,False
Maruti Celerio ZXI,0.956602924297061,-0.7144156977654559,False,False,False,True,True,False,True,False,False,False,False
Maruti Eeco 5 Seater AC BSIV,0.956602924297061,-0.8206110793586568,False,False,False,True,False,False,True,False,False,False,False
Datsun redi-GO AMT 1.0 T Option,1.1938533875166413,,False,False,False,True,False,False,False,False,False,False,False
Chevrolet Beat LT,-0.22964939180084112,0.45373349975975436,False,False,False,True,True,False,True,False,True,False,False
Hyundai i20 Active 1.4 SX,1.1938533875166413,-0.6082203161722549,True,False,False,False,True,False,True,False,False,False,False
Maruti Wagon R LXI BSIII,-1.890402634337904,-0.3958295529858531,False,False,False,True,True,False,True,False,True,False,False
Mahindra Scorpio LX BSIV,-0.22964939180084112,1.7280780788781656,True,False,False,False,True,False,True,False,False,False,False
Mahindra Scorpio M2DI,0.007601071418739302,0.878515026132558,True,False,False,False,True,False,True,False,True,False,False
Hyundai i10 Sportz 1.1L,0.48210199785790014,-0.6082203161722549,False,False,False,True,True,False,True,False,False,False,False
BMW 7 Series 730Ld,-1.6531521711183237,-0.8206110793586568,True,False,False,False,False,False,False,False,False,False,False
Audi A4 3.0 TDI Quattro,,0.36877719448519364,True,False,False,False,False,False,False,False,False,False,False
Toyota Corolla Altis 1.8 GL,1.4311038507362217,-1.0330018425450587,False,False,False,True,True,False,True,False,False,False,False
Hyundai EON Magna Plus,0.48210199785790014,-0.8206110793586568,False,False,False,True,True,False,True,False,False,False,False
Maruti 800 Std,-2.1276530975574843,0.45373349975975436,False,False,False,True,True,False,True,False,True,False,False
Maruti Swift VDI BSIV,0.956602924297061,0.24903128220070025,True,False,False,False,True,False,True,False,False,False,False
Datsun RediGO T Option,0.956602924297061,-0.6082203161722549,False,False,False,True,True,False,True,False,False,False,False
Maruti Omni MPI STD BSIV,0.7193524610774805,1.09090578931896,False,False,False,True,True,False,True,False,False,False,False
Hyundai i10 Sportz 1.2,-1.1786512446791628,-0.8206110793586568,False,False,False,True,True,False,True,False,False,False,False
Chevrolet Aveo U-VA 1.2 LS,-1.1786512446791628,0.2413427365733525,False,False,False,True,True,False,True,False,False,False,False
Hyundai Verna 1.6 SX,0.007601071418739302,0.6661242629461562,True,False,False,False,True,False,True,False,True,False,False
Maruti Eeco 7 Seater Standard BSIV,0.956602924297061,-0.9480455372704979,False,False,False,True,True,False,True,False,False,False,False
Chevrolet Beat Diesel LS,-0.46689985502042153,-0.3958295529858531,True,False,False,False,True,False,True,False,False,False,False
Mahindra TUV 300 T6 Plus,0.956602924297061,1.09090578931896,True,False,False,False,True,False,True,False,False,False,False
Hyundai i20 Asta 1.4 CRDi,0.7193524610774805,-1.0330018425450587,True,False,False,False,True,False,True,False,False,False,False
Tata Tigor 1.2 Revotron XT,1.1938533875166413,-1.2772512202094208,False,False,False,True,True,False,True,False,False,False,False
Hyundai EON Magna Plus,0.2448515346383197,,False,False,False,True,True,False,True,False,False,False,False
Maruti Swift 1.3 VXi,-0.9414007814595824,-0.3419672554417816,False,False,False,True,True,False,True,False,False,False,False
Maruti Swift VDI,-0.22964939180084112,4.846462981209873,True,False,False,False,True,False,True,False,False,False,False
Hyundai Verna CRDi,-1.1786512446791628,0.04912909588965882,True,False,False,False,True,False,True,False,True,False,False
Mahindra Bolero Power Plus SLX,1.1938533875166413,-0.9268064609518577,True,False,False,False,True,False,True,False,False,False,False
Maruti Swift Dzire VDi,-0.704150318240002,0.878515026132558,True,False,False,False,True,False,True,False,True,False,False
Maruti Wagon R VXI BSIII,-2.3649035607770648,0.45373349975975436,False,False,False,True,True,False,True,False,True,False,False
Maruti Swift Dzire VDI,0.48210199785790014,0.43249442344111416,True,False,False,False,True,False,True,False,False,False,False
Maruti Celerio Green VXI,0.956602924297061,0.19886458393607215,False,False,False,False,True,False,True,False,False,False,False
Hyundai Xcent 1.2 Kappa S,0.48210199785790014,-0.28963417139265213,False,False,False,True,True,False,True,False,False,False,False
Ford Endeavour 2.2 Titanium AT 4X2,1.4311038507362217,-1.2453926057314606,True,False,False,False,True,False,False,False,False,False,False
Maruti SX4 Vxi BSIV,-0.22964939180084112,0.878515026132558,False,False,False,True,True,False,True,False,True,False,False
Skoda Rapid 1.6 MPI Active,-0.22964939180084112,-0.3417336256022765,False,False,False,True,False,False,True,False,False,False,False
Ford Ecosport 1.5 DV5 MT Titanium,0.2448515346383197,-0.8206110793586568,True,False,False,False,True,False,True,False,False,False,False
Ford Figo 1.5D Trend MT,0.956602924297061,-0.6082203161722549,True,False,False,False,True,False,True,False,False,False,False
Volkswagen Polo GT 1.0 TSI,1.4311038507362217,-0.9480455372704979,False,False,False,True,True,False,False,False,False,False,False
Ford Fusion 1.6 Duratec Petrol,-1.890402634337904,0.6661242629461562,False,False,False,True,True,False,True,False,False,False,True
Maruti Ertiga ZDI Plus,1.4311038507362217,-0.8206110793586568,True,False,False,False,True,False,True,False,False,False,False
Tata Tiago 1.05 Revotorq XZ Plus,1.1938533875166413,-0.7144156977654559,True,False,False,False,True,False,True,False,False,False,False
Maruti Ritz VDi,-0.22964939180084112,0.2413427365733525,True,False,False,False,True,False,True,False,False,False,False
Maruti Swift Dzire LDI,0.2448515346383197,0.878515026132558,True,False,False,False,False,False,True,False,True,False,False
Toyota Innova 2.5 V Diesel 7-seater,-0.46689985502042153,1.9404688420645675,True,False,False,False,True,False,True,False,True,False,False
Nissan Terrano XL P,0.956602924297061,-0.8206110793586568,False,False,False,False,True,False,True,False,False,False,False
Renault KWID RXT Optional,0.7193524610774805,,False,False,False,True,True,False,True,False,False,False,False
Maruti Swift VXI,1.1938533875166413,-0.8206110793586568,False,False,False,True,True,False,True,False,False,False,False
Maruti Swift VDI,0.48210199785790014,0.6661242629461562,True,False,False,False,False,False,True,False,False,False,False
Hyundai EON 1.0 Kappa Magna Plus,0.48210199785790014,0.2413427365733525,False,False,False,True,True,False,True,False,True,False,False
Hyundai Grand i10 1.2 Kappa Sportz Dual Tone,1.1938533875166413,-0.7993720030400167,False,False,False,True,False,False,True,False,False,False,False
Chevrolet Enjoy TCDi LS 8 Seater,0.2448515346383197,2.7900318948101743,True,False,False,False,True,False,True,False,False,False,True
Hyundai Santro LP zipPlus,-2.3649035607770648,-0.24715601875537177,False,False,False,True,True,False,True,False,False,False,False
Maruti Wagon R VXI BSIII,-1.6531521711183237,-0.18343878979945122,False,False,False,True,True,False,True,False,True,False,False
Datsun GO Plus T Option BSIV,1.1938533875166413,-1.0542409188636988,False,False,False,True,True,False,True,False,True,False,False
Honda Amaze VX Diesel BSIV,1.1938533875166413,-0.41706862930449323,True,False,False,False,False,False,True,False,False,False,False
Mahindra Scorpio S10 7 Seater,0.48210199785790014,-0.3958295529858531,True,False,False,False,True,False,True,False,False,False,False
Nissan Sunny Diesel XL,0.007601071418739302,0.45373349975975436,True,False,False,False,True,False,True,False,True,False,False
Maruti Swift VDI BSIV,0.48210199785790014,0.7723196445393572,True,False,False,False,False,False,True,False,False,False,False
Maruti Ritz LDi,0.7193524610774805,-0.3958295529858531,True,False,False,False,True,False,True,False,True,False,False
Ford Fiesta 1.4 SXi TDCi ABS,-1.1786512446791628,1.09090578931896,True,False,False,False,True,False,True,False,True,False,False
Ford Fiesta 1.4 Duratec ZXI,-1.1786512446791628,0.6661242629461562,False,False,False,True,True,False,True,False,False,False,True
Volkswagen Polo 1.5 TDI Trendline,0.2448515346383197,0.2701854022140659,True,False,False,False,False,False,True,False,False,False,False
Hyundai Grand i10 1.2 CRDi Asta,1.4311038507362217,-1.287870758368741,True,False,False,False,True,False,True,False,False,False,False
Maruti Swift Dzire VDi,-0.704150318240002,1.09090578931896,True,False,False,False,True,False,True,False,False,False,True
Renault Fluence 1.5,-0.22964939180084112,0.45373349975975436,True,False,False,False,True,False,True,False,False,False,False
Ford EcoSport 1.5 Diesel Titanium Plus BSIV,0.2448515346383197,0.23709492130962448,True,False,False,False,False,False,True,False,False,False,False
Hyundai Accent Executive,-0.704150318240002,-0.03476525556896991,False,False,False,True,True,False,True,False,False,False,True
Hyundai i20 1.2 Magna Executive,0.7193524610774805,-0.6429462059532316,False,False,False,True,False,False,True,False,False,False,False
Hyundai Verna 1.6 i ABS,-0.9414007814595824,-0.18343878979945122,False,False,False,True,True,False,True,False,False,False,False
Tata Indigo CS LX (TDI) BS-III,0.48210199785790014,0.002296932607057216,True,False,False,False,False,False,True,False,False,False,False
Maruti Swift VDI BSIV,0.48210199785790014,0.6661242629461562,True,False,False,False,True,False,True,False,False,False,True
Maruti Baleno Alpha 1.2,1.1938533875166413,-0.6082203161722549,False,False,False,True,True,False,True,False,False,False,False
Hyundai Grand i10 Asta Option,0.956602924297061,-1.0330018425450587,False,False,False,True,False,False,True,False,False,False,False
Mahindra XUV500 W8 2WD,0.007601071418739302,3.262643821052556,True,False,False,False,True,False,True,False,False,False,False
Maruti Vitara Brezza VDi Option,0.956602924297061,-0.3958295529858531,True,False,False,False,True,False,True,False,True,False,False
Maruti Swift VDI,-1.4159017078987433,-0.3958295529858531,False,False,False,False,False,False,True,False,False,False,False
Mahindra Thar CRDe,1.1938533875166413,-1.0330018425450587,True,False,False,False,True,False,True,False,False,False,False
Hyundai i20 1.2 Sportz,-0.46689985502042153,-0.22591694243673158,False,False,False,True,False,False,True,False,True,False,False
Maruti Ciaz S 1.3,1.1938533875166413,-0.8206110793586568,True,False,False,False,True,False,True,False,False,False,False
Chevrolet Spark 1.0 LS,0.2448515346383197,0.02895197338695065,False,False,False,True,True,False,True,False,False,False,False
Ford Endeavour 4x2 XLT,-2.1276530975574843,1.09090578931896,True,False,False,False,True,False,True,False,False,False,False
Hyundai Sonata CRDi M/T,-0.704150318240002,0.6661242629461562,True,False,False,False,True,False,True,False,False,False,False
Maruti Alto K10 VXI Optional,0.2448515346383197,-0.09848248452489047,False,False,False,True,False,False,True,False,True,False,False
Volkswagen Vento IPL II Diesel Trendline,-0.46689985502042153,0.878515026132558,True,False,False,False,True,False,True,False,False,False,False
Maruti Alto K10 VXI,0.956602924297061,-0.3958295529858531,False,False,False,True,True,False,True,False,True,False,False
Toyota Innova 2.5 GX 8 STR BSIV,-0.22964939180084112,0.45373349975975436,True,False,False,False,True,False,True,False,False,False,False
Maruti Ertiga SHVS ZDI Plus,0.956602924297061,-0.18343878979945122,True,False,False,False,True,False,True,False,True,False,False
Mahindra Xylo E4 BS III,-0.22964939180084112,-0.18343878979945122,True,False,False,False,True,False,True,False,False,False,False
Renault KWID RXL,1.6683543139558021,-1.0330018425450587,False,False,False,True,True,False,True,False,False,False,False
Volkswagen Vento Petrol Highline AT,-0.46689985502042153,0.02895197338695065,False,False,False,True,True,False,False,False,False,False,True
Mahindra Bolero Power Plus Plus AC BSIV PS,1.4311038507362217,-0.3958295529858531,True,False,False,False,True,False,True,False,False,False,False
Honda Amaze S AT i-Vtech,0.48210199785790014,-1.289994666000605,False,False,False,True,True,False,False,False,False,False,False
Mahindra XUV500 W6 2WD,0.48210199785790014,0.45373349975975436,True,False,False,False,True,False,True,False,False,False,True
Tata Indica Vista TDI LX,0.007601071418739302,-0.07724340820625028,True,False,False,False,True,False,True,False,False,False,False
Ford Ecosport 1.5 DV5 MT Titanium,0.2448515346383197,-0.11216044967409475,True,False,False,False,False,False,True,False,True,False,False
Maruti Swift ZDi,-0.22964939180084112,-0.28963417139265213,True,False,False,False,False,False,True,False,False,False,False
Hyundai i20 Magna Optional 1.4 CRDi,0.007601071418739302,-0.3958295529858531,True,False,False,False,True,False,True,False,False,False,False
Chevrolet Spark 1.0 LS,-1.1786512446791628,-0.7144156977654559,False,False,False,True,True,False,True,False,True,False,False
Maruti Celerio VXI AT,0.48210199785790014,-0.8099915411993367,False,False,False,True,False,False,False,False,True,False,False
Chevrolet Beat LS,-0.704150318240002,-0.18343878979945122,False,False,False,True,True,False,True,False,True,False,False
Maruti Alto 800 LXI,0.48210199785790014,-0.8206110793586568,False,False,False,True,True,False,True,False,True,False,False
Mahindra XUV500 W8 4WD,-0.22964939180084112,1.09090578931896,True,False,False,False,True,False,True,False,False,False,True
Honda City 1.5 V MT,-0.9414007814595824,,False,False,False,True,True,False,True,False,True,False,False
Chevrolet Beat LS,0.7193524610774805,0.02895197338695065,False,False,False,True,True,False,True,False,False,False,True
Hyundai Santro Xing GLS,0.007601071418739302,-0.18343878979945122,False,False,False,True,True,False,True,False,False,False,False
Maruti Swift 1.2 DLX,1.1938533875166413,-0.7144156977654559,False,False,False,True,True,False,True,False,False,False,False
Maruti Ertiga SHVS ZDI Plus,0.956602924297061,-0.7144156977654559,True,False,False,False,False,False,True,False,False,False,False
Maruti 800 AC Uniq,-0.9414007814595824,-0.8206110793586568,False,False,False,True,True,False,True,False,True,False,False
Volkswagen Polo Diesel Trendline 1.2L,-0.22964939180084112,0.17762550761743195,True,False,False,False,True,False,True,False,False,False,False
Hyundai i20 1.4 CRDi Magna,-0.22964939180084112,1.9404688420645675,True,False,False,False,True,False,True,False,True,False,False
Toyota Etios Cross 1.4L GD,0.48210199785790014,0.2413427365733525,True,False,False,False,True,False,True,False,True,False,False
Maruti Alto 800 LXI Airbag,-0.22964939180084112,-1.1391972241382595,False,False,False,True,True,False,True,False,False,False,False
Maruti Alto 800 LXI,0.007601071418739302,-0.9268064609518577,False,False,False,False,True,False,True,False,False,False,False
Tata Hexa XM,0.956602924297061,-0.3958295529858531,True,False,False,False,True,False,True,False,False,False,False
Honda City 1.5 S MT,-0.704150318240002,-0.18343878979945122,False,False,False,True,True,False,True,False,False,False,False
Hyundai Verna 1.6 SX CRDi (O),-0.22964939180084112,-0.18343878979945122,True,False,False,False,True,False,True,False,True,False,False
Maruti Alto LX,-2.1276530975574843,0.02895197338695065,False,False,False,True,True,False,True,False,False,False,False
Hyundai Santro Xing GL,-1.1786512446791628,-0.03476525556896991,False,False,False,True,True,False,True,False,False,False,False
Tata Safari Storme EX,0.007601071418739302,0.2413427365733525,True,False,False,False,True,False,True,False,False,False,False
Maruti Wagon R LX BS IV,-0.46689985502042153,1.8342734604713664,False,False,False,True,True,False,True,False,False,False,False
Ford EcoSport 1.5 Ti VCT MT Titanium BE BSIV,1.6683543139558021,-1.4363319018360359,False,False,False,True,False,False,True,False,False,True,False
Hyundai Creta 1.6 VTVT S,0.956602924297061,-1.1455689470338517,False,False,False,True,True,False,True,False,False,False,False
Hyundai Santro Sportz BSIV,1.4311038507362217,-1.2453926057314606,False,False,False,True,True,False,True,False,False,False,False
Tata Indica Vista Aqua 1.3 Quadrajet ABS BSIV,-0.22964939180084112,0.02895197338695065,True,False,False,False,True,False,True,False,True,False,False
Hyundai i20 Sportz 1.4 CRDi,0.2448515346383197,,True,False,False,False,True,False,True,False,True,False,False
Hyundai EON D Lite Plus,-0.22964939180084112,-0.18343878979945122,False,False,False,True,False,False,True,False,False,False,True
Chevrolet Spark 1.0 LS,-0.704150318240002,-0.502024934579054,False,False,False,True,False,False,True,False,True,False,False
Chevrolet Cruze LTZ,-0.704150318240002,1.1758620945935208,True,False,False,False,True,False,True,False,True,False,False
Maruti 800 AC,0.2448515346383197,0.13514735498015157,False,False,False,False,True,False,True,False,True,False,False
Maruti Ertiga VDI,-0.22964939180084112,1.09090578931896,True,False,False,False,True,False,True,False,False,False,True
Mahindra Bolero Power Plus SLX,0.956602924297061,0.02895197338695065,True,False,False,False,True,False,True,False,False,False,False
Maruti Alto K10 VXI,1.1938533875166413,-0.6315833001227591,False,False,False,True,True,False,True,False,False,False,True
Hyundai Santro Xing XG eRLX Euro III,-1.890402634337904,2.152859605250969,False,False,False,True,True,False,True,False,False,False,True
Maruti Baleno Zeta 1.2,0.956602924297061,-1.0330018425450587,False,False,False,True,True,False,True,False,False,False,False
Ford Figo Diesel Titanium,-0.22964939180084112,0.2760049091253733,True,False,False,False,False,False,True,False,False,False,False
Maruti Ciaz ZDi Plus,0.956602924297061,-0.09848248452489047,True,False,False,False,False,False,True,False,False,False,False
Maruti Swift Dzire VDI,1.4311038507362217,-1.3515879873246615,True,False,False,False,True,False,True,False,False,False,False
Maruti Wagon R LX Minor,0.007601071418739302,0.02895197338695065,False,False,False,True,True,False,True,False,True,False,False
Tata New Safari DICOR 2.2 VX 4x2,-0.704150318240002,-0.7250352359247759,True,False,False,False,False,False,True,False,False,False,False
Hyundai EON Magna Plus,-0.22964939180084112,-0.18343878979945122,False,False,False,True,True,False,True,False,False,False,False
Hyundai Grand i10 1.2 Kappa Sportz Option,0.956602924297061,-1.1391972241382595,False,False,False,True,True,False,True,False,False,False,False
Renault KWID RXT,0.956602924297061,-0.3958295529858531,False,False,False,True,True,False,True,False,False,False,False
Nissan Terrano XL Plus 85 PS,0.48210199785790014,0.6661242629461562,True,False,False,False,True,False,True,False,False,False,False
Tata Indigo TDI,0.007601071418739302,1.1971011709121608,True,False,False,False,True,False,True,False,False,False,False
Honda City i DTec V,0.956602924297061,-0.3958295529858531,True,False,False,False,True,False,True,False,False,False,False
Maruti Wagon R LXI CNG,0.7193524610774805,0.2413427365733525,False,False,False,False,True,False,True,False,True,False,False
Hyundai Elite i20 Petrol Magna Exective,1.1938533875166413,-1.2241535294128203,False,False,False,True,True,False,True,False,False,False,False
Maruti Ertiga ZDI,0.2448515346383197,-0.202341567723041,True,False,False,False,False,False,True,False,False,False,False
Ford Figo Petrol ZXI,-0.46689985502042153,-0.3958295529858531,False,False,False,True,True,False,True,False,False,False,True
Volkswagen Vento 1.0 TSI Highline Plus,-0.46689985502042153,-0.3321123240299325,False,False,False,True,False,False,True,False,True,False,False
Tata Sumo Gold EX BSIII,0.7193524610774805,,True,False,False,False,True,False,True,False,False,False,False
Ford Figo Diesel Titanium,-0.46689985502042153,0.45373349975975436,True,False,False,False,True,False,True,False,False,False,True
Ford Figo Diesel LXI,-0.22964939180084112,1.303296552505362,True,False,False,False,True,False,True,False,True,False,False
Maruti Swift VXI,1.4311038507362217,-1.3515879873246615,False,False,False,True,True,False,True,False,False,False,False
Hyundai Verna CRDi,-1.1786512446791628,0.878515026132558,True,False,False,False,True,False,True,False,True,False,False
Honda WR-V i-DTEC VX,1.1938533875166413,,True,False,False,False,True,False,True,False,False,False,False
Hyundai i20 Magna 1.2,0.48210199785790014,,False,False,False,True,True,False,True,False,False,False,False
Mahindra XUV500 W6 2WD,0.2448515346383197,-0.013526179250329723,True,False,False,False,False,False,True,False,False,False,False
Hyundai i10 Era,0.007601071418739302,-0.3958295529858531,False,False,False,True,True,False,True,False,False,False,False
Hyundai EON Era Plus Option,0.2448515346383197,-0.28963417139265213,False,False,False,True,False,False,True,False,False,False,False
Maruti Wagon R Duo Lxi,-0.704150318240002,0.45373349975975436,False,False,True,False,True,False,True,False,True,False,False
Hyundai i20 Magna,-0.704150318240002,-0.28963417139265213,False,False,False,True,True,False,True,False,False,False,False
Chevrolet Sail 1.2 LT ABS,0.2448515346383197,-0.8206110793586568,False,False,False,True,True,False,True,False,False,False,False
Ford Figo Petrol Titanium,-0.704150318240002,0.02895197338695065,False,False,False,True,True,False,True,False,False,False,False
Toyota Fortuner 4x4 MT,0.48210199785790014,1.09090578931896,True,False,False,False,True,False,True,False,False,False,False
Tata Indica Vista Aqua 1.4 TDI,-0.704150318240002,0.26258181289199267,True,False,False,False,True,False,True,False,True,False,False
Ford Fiesta Classic 1.6 Duratec CLXI,-0.22964939180084112,-0.6506984688095353,False,False,False,True,True,False,True,False,False,False,False
Skoda Rapid 1.5 TDI Ambition BSIV,1.1938533875166413,-1.4014998166734658,True,False,False,False,False,False,True,False,False,False,False
Maruti Swift Dzire VDI,,-0.47001764656686323,True,False,False,False,False,True,True,False,False,False,False
Maruti Celerio VDi,0.7193524610774805,0.45373349975975436,True,False,False,False,True,False,True,False,False,False,True
Volkswagen Polo Diesel Highline 1.2L,-0.46689985502042153,-0.18343878979945122,True,False,False,False,True,False,True,False,True,False,False
Datsun GO T Petrol,0.48210199785790014,0.5004169895081255,False,False,False,True,False,False,True,False,True,False,False
Tata Indigo LS,-1.1786512446791628,0.45373349975975436,True,False,False,False,True,False,True,False,False,False,False
Ford Figo Aspire 1.5 TDCi Titanium Plus,0.48210199785790014,1.531191841404371,True,False,False,False,False,False,True,False,True,False,False
Mahindra Scorpio 2.6 SLX CRDe,-1.6531521711183237,1.09090578931896,True,False,False,False,True,False,True,False,True,False,False
Maruti Ertiga SHVS LDI,0.956602924297061,-0.6082203161722549,True,False,False,False,True,False,True,False,False,False,False
Toyota Etios V,0.007601071418739302,-0.5918449883305833,False,False,False,True,False,False,True,False,False,False,False
Maruti Swift Vdi BSIII,-0.704150318240002,0.22768601050046686,True,False,False,False,False,False,True,False,False,False,False
Hyundai i20 Asta Option 1.4 CRDi,0.7193524610774805,-0.6082203161722549,True,False,False,False,True,False,True,False,False,False,False
Chevrolet Sail 1.2 Base,0.48210199785790014,,False,False,False,True,True,False,True,False,False,False,False
Maruti Alto LXi BSII,-2.602154023996645,0.2413427365733525,False,False,False,True,True,False,True,True,False,False,False
Volkswagen Vento 1.5 TDI Comfortline,-0.22964939180084112,-0.49238239393039135,True,False,False,False,False,False,True,False,False,False,False
Mahindra Scorpio SLE BSIV,-0.9414007814595824,0.6661242629461562,True,False,False,False,True,False,True,False,False,False,False
Renault KWID 1.0 RXT Optional,1.1938533875166413,-1.0330018425450587,False,False,False,True,True,False,True,False,False,False,False
Hyundai Accent Executive,-0.22964939180084112,0.6661242629461562,False,False,False,True,True,False,True,False,False,False,True
Maruti Wagon R LXI Minor,-1.4159017078987433,-0.3958295529858531,False,False,False,True,True,False,True,False,False,False,False
Renault Triber RXT BSIV,1.4311038507362217,-1.2390208828358684,False,False,False,True,True,False,True,False,False,False,False
Maruti Swift LXI,1.4311038507362217,-1.287870758368741,False,False,False,True,True,False,True,False,False,False,False
Honda City i-DTEC VX,0.956602924297061,-0.8206110793586568,True,False,False,False,True,False,True,False,False,False,False
Maruti Eeco 5 Seater AC BSIV,0.956602924297061,-0.6082203161722549,False,False,False,True,True,False,True,False,True,False,False
Ford Ecosport 1.5 Petrol Trend,1.6683543139558021,-1.4363319018360359,False,False,False,True,False,False,True,False,False,True,False
Tata Indigo CR4,-0.22964939180084112,1.897990689427287,True,False,False,False,True,False,True,False,False,False,True
Maruti Zen LX,-3.076654950435806,0.2413427365733525,False,False,False,True,True,False,True,False,True,False,False
Hyundai Xcent 1.1 CRDi SX,0.7193524610774805,-0.7144156977654559,True,False,False,False,True,False,True,False,False,False,False
Chevrolet Sail 1.2 Base,0.2448515346383197,0.6661242629461562,False,False,False,True,True,False,True,False,True,False,False
Hyundai Verna 1.6 SX CRDi (O),-0.46689985502042153,0.45373349975975436,True,False,False,False,True,False,True,False,False,False,False
Mahindra Scorpio S7 140 BSIV,1.1938533875166413,-1.0330018425450587,True,False,False,False,True,False,True,False,False,False,False
Volkswagen Polo Diesel Highline 1.2L,0.007601071418739302,0.13514735498015157,True,False,False,False,False,False,True,False,False,False,False
Tata Indica Vista Aqua 1.3 Quadrajet,-0.704150318240002,0.878515026132558,True,False,False,False,True,False,True,False,True,False,False
Nissan Terrano XL Plus 85 PS,0.48210199785790014,,True,False,False,False,False,False,True,False,False,False,False
Maruti Wagon R LXI Minor,-0.9414007814595824,-0.8206110793586568,False,False,False,True,True,False,True,False,False,False,False
Tata New Safari DICOR 2.2 EX 4x2,-0.46689985502042153,2.152859605250969,True,False,False,False,True,False,True,False,True,False,False
Ford EcoSport 1.5 TDCi Titanium BSIV,0.48210199785790014,0.2657676743397887,True,False,False,False,False,False,True,False,False,False,False
Honda City 1.3 EXI,-2.602154023996645,0.6661242629461562,False,False,False,True,True,False,True,False,False,False,False
Skoda Superb 1.8 TSI,0.007601071418739302,-0.14894652985797954,False,False,False,True,False,False,False,False,True,False,False
Renault Lodgy 85PS RxL,0.956602924297061,-0.18343878979945122,True,False,False,False,True,False,True,False,False,False,False
Maruti Ciaz VDi Plus,0.48210199785790014,0.6024070339902357,True,False,False,False,True,False,True,False,True,False,False
Maruti Alto 800 LXI Opt BSIV,1.1938533875166413,-0.26839509507401194,False,False,False,True,False,False,True,False,False,False,False
Maruti Swift Dzire VDI,1.1938533875166413,-0.9268064609518577,True,False,False,False,True,False,True,False,False,False,False
Hyundai Verna 1.6 SX VTVT,0.007601071418739302,-0.19790260077244518,False,False,False,True,False,False,True,False,False,False,False
Hyundai Santro Xing GLS,-0.704150318240002,-0.3958295529858531,False,False,False,True,True,False,True,False,True,False,False
Maruti Wagon R LXI BS IV,-0.704150318240002,-0.3958295529858531,False,False,False,True,True,False,True,False,False,False,False
Volkswagen Vento Magnific 1.6 Highline,0.007601071418739302,0.6076743249172585,False,False,False,True,False,False,True,False,False,False,False
Maruti Swift Dzire VXi,-0.704150318240002,0.6024070339902357,False,False,False,True,True,False,True,False,True,False,False
Mahindra Scorpio SLE BSIII,-0.704150318240002,2.471445750030572,True,False,False,False,True,False,True,False,False,False,False
Maruti Wagon R LXI DUO BSIII,-1.1786512446791628,1.770556231515446,False,False,True,False,True,False,True,False,True,False,False
Renault KWID 1.0 RXT Optional,1.1938533875166413,-1.2453926057314606,False,False,False,True,False,False,True,False,False,False,False
Maruti Wagon R CNG LXI,0.007601071418739302,-0.20255395848622737,False,False,False,False,False,False,True,False,False,False,False
Maruti Ciaz VDI SHVS,0.7193524610774805,-0.3767143842990769,True,False,False,False,False,False,True,False,False,False,False
Mahindra Scorpio VLX AT 2WD BSIII,-2.1276530975574843,3.292548440509201,True,False,False,False,True,False,False,False,False,False,True
Chevrolet Aveo 1.4 LT BSIV,-0.9414007814595824,-0.4383077056231334,False,False,False,True,True,False,True,False,False,False,False
Hyundai Santa Fe 4WD AT,0.2448515346383197,0.2413427365733525,True,False,False,False,True,False,False,False,False,False,False
Mahindra XUV500 W7 BSIV,1.4311038507362217,-1.2453926057314606,True,False,False,False,True,False,True,False,False,False,False
Volkswagen Polo GTI,0.956602924297061,-1.1689531700606746,False,False,False,True,False,False,False,False,False,False,False
Maruti Baleno RS 1.0 Petrol,1.1938533875166413,-0.11972156084353065,False,False,False,True,True,False,True,False,False,False,False
Maruti Esteem Lxi - BSIII,-1.4159017078987433,-0.3108732477112923,False,False,False,True,True,False,True,False,False,False,False
Hyundai i10 Era,-0.22964939180084112,-0.502024934579054,False,False,False,True,True,False,True,False,True,False,False
Tata Indica Vista Terra 1.4 TDI,-0.704150318240002,0.2413427365733525,True,False,False,False,True,False,True,False,False,False,False
Maruti Alto 800 LXI,0.956602924297061,-0.8206110793586568,False,False,False,True,True,False,True,False,False,False,False
Hyundai Verna SX CRDi AT,-0.22964939180084112,0.07143012602423102,True,False,False,False,False,False,False,False,True,False,False
Honda City i-VTEC CVT VX,0.7193524610774805,-0.502024934579054,False,False,False,True,False,False,False,False,False,False,False
Ford Figo Aspire 1.5 TDCi Titanium,0.956602924297061,-0.3967428332675546,True,False,False,False,False,False,True,False,False,False,False
Hyundai Santro AT,-1.6531521711183237,-0.056004331887610094,False,False,False,True,True,False,False,False,True,False,False
Mahindra Scorpio S2 9 Seater,0.48210199785790014,0.02895197338695065,True,False,False,False,True,False,True,False,False,False,False
Toyota Innova 2.5 G (Diesel) 8 Seater,0.2448515346383197,0.6873633392647964,True,False,False,False,True,False,True,False,True,False,False
Hyundai Accent GLE CNG,-0.9414007814595824,0.02895197338695065,False,False,False,False,True,False,True,False,False,False,True
Maruti Eeco CNG 5 Seater AC BSIV,1.6683543139558021,-1.309109834687381,False,False,False,False,True,False,True,False,False,False,False
Hyundai Verna 1.6 SX,0.2448515346383197,0.19886458393607215,True,False,False,False,True,False,True,False,True,False,False
Honda Amaze S AT i-Vtech,0.2448515346383197,-1.1391972241382595,False,False,False,True,True,False,False,False,False,False,False
Chevrolet Spark 1.0 LS,-0.22964939180084112,0.45373349975975436,False,False,False,True,True,False,True,False,True,False,False
Maruti Wagon R VXI,0.7193524610774805,-0.9692846135891381,False,False,False,True,False,False,True,False,True,False,False
Tata Indigo TDI,-0.704150318240002,0.6661242629461562,True,False,False,False,True,False,True,False,False,False,False
Maruti Alto LXi,-1.1786512446791628,0.02895197338695065,False,False,False,True,True,False,True,False,False,False,False
Ford Fiesta 1.4 SXi TDCi,-0.9414007814595824,2.365250368437371,True,False,False,False,True,False,True,False,True,False,False
Honda City 1.5 EXI,-2.1276530975574843,0.878515026132558,False,False,False,True,True,False,True,False,False,False,True
Maruti Vitara Brezza LDi,1.1938533875166413,-0.9268064609518577,True,False,False,False,True,False,True,False,False,False,False
Mahindra Alturas G4 4X2 AT BSIV,1.4311038507362217,-1.3515879873246615,True,False,False,False,True,False,False,False,False,False,False
Maruti Swift Dzire VDI,0.2448515346383197,0.878515026132558,True,False,False,False,True,False,True,False,True,False,False
Hyundai Grand i10 Magna,0.48210199785790014,-0.9268064609518577,False,False,False,True,True,False,True,False,False,False,True
BMW 3 Series 320d Luxury Line,0.7193524610774805,-0.5445030872163343,True,False,False,False,False,False,False,False,False,False,False
Volkswagen Vento New Diesel Highline,0.007601071418739302,1.09090578931896,True,False,False,False,True,False,True,False,True,False,False
Maruti Wagon R VXi BSII,-0.46689985502042153,-0.20467786611809138,False,False,False,True,True,False,True,False,True,False,False
Ford Figo Aspire 1.2 Ti-VCT Titanium Plus,0.48210199785790014,-1.1546592716982296,False,False,False,True,False,False,True,False,False,False,False
Tata Indica LSI,-1.890402634337904,1.5156873156917636,False,False,False,True,True,False,True,False,False,False,True
Toyota Corolla H2,-1.890402634337904,0.6661242629461562,False,False,False,True,True,False,True,True,False,False,False
Tata Indica Vista Quadrajet LS,-0.46689985502042153,1.9404688420645675,True,False,False,False,True,False,True,False,True,False,False
Tata New Safari DICOR 2.2 EX 4x2,-0.704150318240002,0.2413427365733525,True,False,False,False,True,False,True,False,False,False,False
Hyundai Accent GLS,-1.4159017078987433,0.15638643129879176,False,False,False,True,False,False,True,False,False,False,True
Maruti SX4 Zxi BSIII,-1.1786512446791628,-0.8381757954741722,False,False,False,True,False,False,True,False,False,False,False
Maruti Wagon R LXI CNG,0.007601071418739302,0.05019104970559084,False,False,False,False,True,False,True,False,True,False,False
Hyundai Verna 1.6 VTVT SX,0.48210199785790014,,False,False,False,True,False,True,True,False,False,False,False
Chevrolet Cruze LTZ AT,-0.22964939180084112,-0.5657421635349745,True,False,False,False,False,False,False,False,False,False,False
Tata Indica Vista Aqua TDI BSIII,-1.1786512446791628,0.45373349975975436,True,False,False,False,True,False,True,False,False,False,False
Maruti Swift VDI BSIV,0.48210199785790014,-0.18343878979945122,True,False,False,False,True,False,True,False,False,False,False
Ford Ecosport 1.5 DV5 MT Titanium,0.48210199785790014,-0.013526179250329723,True,False,False,False,True,False,True,False,False,False,False
Honda Civic 1.8 S AT,-1.4159017078987433,-0.4595467819417736,False,False,False,True,False,False,False,False,False,False,False
Hyundai Grand i10 1.2 Kappa Asta,0.956602924297061,-1.3745899069777487,False,False,False,True,True,False,True,False,False,False,False
BMW X1 sDrive 20d xLine,0.956602924297061,-0.8206110793586568,True,False,False,False,True,False,False,False,False,False,False
Nissan Terrano XE D,0.48210199785790014,-0.07724340820625028,True,False,False,False,False,False,True,False,False,False,False
Maruti 800 AC,-1.4159017078987433,-0.18343878979945122,False,False,False,True,True,False,True,False,True,False,False
Hyundai Grand i10 CRDi Asta,0.48210199785790014,0.02895197338695065,True,False,False,False,True,False,True,False,False,False,False
Toyota Camry 2.5 Hybrid,0.956602924297061,,False,False,False,True,True,False,False,False,False,False,False
Maruti Swift Glam,-0.9414007814595824,0.02895197338695065,False,False,False,True,True,False,True,False,False,False,False
Renault KWID RXT,0.48210199785790014,-1.0124211775922962,False,False,False,True,False,False,True,False,False,False,False
Maruti Zen LXI,-2.3649035607770648,-0.18343878979945122,False,False,False,True,True,False,True,True,False,False,False
Maruti Alto LX,-0.704150318240002,0.45373349975975436,False,False,False,True,True,False,True,False,False,False,False
Hyundai i20 Active S Diesel,1.1938533875166413,-0.6719375451281755,True,False,False,False,False,False,True,False,False,False,False
Hyundai EON Era Plus Option,0.7193524610774805,-0.8206110793586568,False,False,False,True,True,False,True,False,True,False,False
Toyota Etios Liva 1.2 VX,0.956602924297061,-1.320154154373074,False,False,False,True,False,True,True,False,False,False,False
Maruti Vitara Brezza ZDi Plus AMT,1.1938533875166413,-0.8206110793586568,True,False,False,False,True,False,False,False,True,False,False
Renault Lodgy 85PS RxL,0.48210199785790014,-0.7144156977654559,True,False,False,False,True,False,True,False,False,False,False
Maruti Swift Dzire VXI,0.48210199785790014,0.02895197338695065,False,False,False,True,True,False,True,False,True,False,False
OpelCorsa 1.4 GL,-2.602154023996645,0.6661242629461562,False,False,False,True,True,False,True,False,False,False,True
Mahindra Quanto C8,0.007601071418739302,0.2855624934687614,True,False,False,False,False,False,True,False,False,False,False
Mahindra Scorpio 2.6 SLX Turbo 7 Seater,-1.890402634337904,1.09090578931896,True,False,False,False,True,False,True,False,False,False,True
Honda Jazz 1.5 SV i DTEC,0.48210199785790014,0.15638643129879176,True,False,False,False,True,False,True,False,False,False,False
Hyundai Santro Xing GLS,-0.9414007814595824,1.09090578931896,False,False,False,True,True,False,True,False,False,False,False
Renault KWID RXL,1.4311038507362217,-1.1391972241382595,False,False,False,True,True,False,True,False,False,False,False
Maruti Swift Dzire LDI,0.007601071418739302,0.2413427365733525,True,False,False,False,True,False,True,True,False,False,False
Mahindra Xylo D2,-0.9414007814595824,1.09090578931896,True,False,False,False,True,False,True,False,True,False,False
Toyota Etios 1.4 VXD,0.7193524610774805,0.45373349975975436,True,False,False,False,True,False,True,False,True,False,False
Renault Duster 85PS Diesel RxE,0.7193524610774805,-0.6082203161722549,True,False,False,False,True,False,True,False,False,False,False
Maruti 800 AC BSIII,-1.1786512446791628,0.02895197338695065,False,False,False,True,True,False,True,False,True,False,False
Maruti Swift Dzire VXI,0.48210199785790014,0.45373349975975436,False,False,False,True,True,False,True,False,False,False,False
Hyundai EON Era Plus,-0.22964939180084112,0.02895197338695065,False,False,False,True,True,False,True,False,True,False,False
Ford Figo Petrol Titanium,0.2448515346383197,-0.5445030872163343,False,False,False,True,False,False,True,False,False,False,False
Ford Ikon 1.4 ZXi,-3.076654950435806,-0.549961529830225,False,False,False,True,False,False,True,False,False,False,True
Tata Manza Aura (ABS) Quadrajet BS IV,-0.704150318240002,1.7280780788781656,True,False,False,False,True,False,True,False,True,False,False
Maruti Alto 800 LXI,1.1938533875166413,-0.7144156977654559,False,False,False,True,False,False,True,False,False,False,False
Mahindra Scorpio LX,0.007601071418739302,1.09090578931896,True,False,False,False,True,False,True,False,False,False,False
Tata Tiago 2019-2020 XZ,1.4311038507362217,-1.2029144530941802,False,False,False,True,True,False,True,False,False,False,False
Maruti S-Cross Alpha DDiS 200 SH,1.1938533875166413,-0.8206110793586568,True,False,False,False,True,False,True,False,False,False,False
Mahindra Bolero DI,-2.1276530975574843,0.878515026132558,True,False,False,False,True,False,True,False,False,False,True
Maruti Wagon R LXI,-1.6531521711183237,-0.14076948547530307,False,False,False,True,True,False,True,False,True,False,False
Skoda Rapid 1.6 MPI Elegance,-0.22964939180084112,,False,False,False,True,True,False,True,False,False,False,False
Volkswagen Polo 1.5 TDI Highline,0.48210199785790014,-0.8206110793586568,True,False,False,False,True,False,True,False,True,False,False
Maruti Swift Dzire VDi,-0.22964939180084112,-0.7568938504027363,True,False,False,False,True,False,True,False,False,False,False
Maruti Alto LX,-1.4159017078987433,2.365250368437371,False,False,False,True,True,False,True,False,False,False,True
Tata New Safari DICOR 2.2 EX 4x2,-0.9414007814595824,1.09090578931896,True,False,False,False,True,False,True,False,True,False,False
Skoda Fabia 1.2 MPI Ambition Plus,-0.22964939180084112,-0.3958295529858531,False,False,False,True,True,False,True,False,False,False,False
Maruti Swift Dzire Tour LDI,0.2448515346383197,,True,False,False,False,False,False,True,False,False,False,False
Tata Tiago 1.2 Revotron XT,0.956602924297061,-0.9268064609518577,False,False,False,True,True,False,True,False,False,False,False
Toyota Corolla Altis GL MT,0.7193524610774805,-0.0951691886191826,False,False,False,True,False,True,True,False,False,False,False
Maruti A-Star Vxi,-0.9414007814595824,0.878515026132558,False,False,False,True,True,False,True,True,False,False,False
Audi Q5 3.0 TDI Quattro Technology,1.1938533875166413,-0.9905236899077783,True,False,False,False,False,False,False,False,False,False,False
Maruti Ignis 1.2 Zeta BSIV,1.1938533875166413,-1.2029144530941802,False,False,False,True,True,False,True,False,False,False,False
Maruti Eeco 5 Seater AC BSIV,1.1938533875166413,-1.0330018425450587,False,False,False,True,True,False,True,False,False,False,False
Ford Fiesta 1.6 Duratec S,-0.704150318240002,0.02895197338695065,False,False,False,True,True,False,True,False,True,False,False
Tata Indigo Classic Dicor,-1.4159017078987433,-0.6294593924908951,True,False,False,False,True,False,True,False,False,False,False
Toyota Etios VD,-0.22964939180084112,1.5156873156917636,True,False,False,False,True,False,True,False,False,False,True
Volkswagen Polo Diesel Comfortline 1.2L,-0.704150318240002,0.878515026132558,True,False,False,False,True,False,True,False,True,False,False
Hyundai i20 1.4 Sportz,0.956602924297061,-0.18343878979945122,True,False,False,False,True,False,True,False,False,False,False
Ford Fiesta Classic 1.4 Duratorq CLXI,-0.22964939180084112,0.45723794735233,True,False,False,False,False,False,True,False,False,False,False
Hyundai i20 Active 1.2 S,0.956602924297061,-0.7547699427708722,False,False,False,True,True,False,True,False,True,False,False
Audi A8 4.2 TDI,0.007601071418739302,-0.41706862930449323,False,False,False,False,False,False,False,False,False,False,False
Hyundai Grand i10 1.2 Kappa Sportz BSIV,1.4311038507362217,,False,False,False,True,True,False,True,False,False,False,False
Hyundai Grand i10 1.2 Kappa Magna AT,0.956602924297061,-1.188047099671132,False,False,False,True,True,False,False,False,False,False,False
Hyundai Getz 1.3 GVS,-0.704150318240002,0.878515026132558,False,False,False,True,True,False,True,False,False,False,False
Maruti Baleno Zeta,1.6683543139558021,-1.4344203849673582,False,False,False,True,True,False,True,False,False,False,False
Maruti Swift Dzire ZDI,1.1938533875166413,-0.3958295529858531,True,False,False,False,True,False,True,False,False,False,False
Hyundai Xcent 1.1 CRDi Base,0.48210199785790014,0.02895197338695065,True,False,False,False,True,False,True,False,True,False,False
Maruti Ciaz VDi Plus SHVS,0.7193524610774805,,True,False,False,False,False,False,True,False,False,False,False
Toyota Innova 2.5 GX 7 STR,-0.22964939180084112,2.365250368437371,True,False,False,False,True,False,True,False,False,False,False
Hyundai Santro Xing XG AT,-1.6531521711183237,0.45373349975975436,False,False,False,True,True,False,False,False,True,False,False
Ford Fiesta Classic 1.4 Duratorq CLXI,0.2448515346383197,0.24818171914795464,True,False,False,False,False,False,True,False,False,False,False
Maruti 800 AC,-0.9414007814595824,3.8519857107421838,False,False,False,True,True,False,True,False,True,False,False
Toyota Innova 2.5 G (Diesel) 7 Seater,0.48210199785790014,-0.07724340820625028,True,False,False,False,True,False,True,False,False,False,False
Honda Jazz Select Edition,0.956602924297061,-1.1604363004568998,False,False,False,True,False,False,True,False,False,False,False
Maruti Alto LXi,-0.9414007814595824,0.2413427365733525,False,False,False,True,True,False,True,False,True,False,False
Ford Ikon 1.3 Flair,-1.890402634337904,-1.359297772028328,False,False,False,True,True,False,True,False,True,False,False
Maruti S-Cross Zeta DDiS 200 SH,1.1938533875166413,-1.0330018425450587,True,False,False,False,True,False,True,False,False,False,False
Datsun GO Plus T BSIV,0.48210199785790014,-0.9268064609518577,False,False,False,True,True,False,True,False,False,False,False
Maruti Ciaz ZDi SHVS,0.7193524610774805,-0.18343878979945122,True,False,False,False,True,False,True,False,False,False,False
Maruti Alto LXi,-0.22964939180084112,0.2413427365733525,False,False,False,True,True,False,True,False,False,False,True
Hyundai Santro Xing GLS,0.007601071418739302,-0.8206110793586568,False,False,False,True,True,False,True,False,False,False,False
Maruti Swift Dzire LDI,0.2448515346383197,0.02895197338695065,True,False,False,False,True,False,True,False,True,False,False
Mahindra Xylo E8 ABS Airbag BSIV,-0.46689985502042153,1.9404688420645675,True,False,False,False,True,False,True,False,False,False,False
Honda WR-V i-VTEC VX,1.1938533875166413,-1.4271990990190204,False,False,False,True,True,False,True,False,False,False,False
Maruti Swift Dzire AMT ZXI,1.4311038507362217,-0.18343878979945122,False,False,False,True,True,False,False,False,False,False,False
Maruti Alto 800 LXI,,-1.1391972241382595,False,False,False,True,True,False,True,False,True,False,False
Toyota Innova 2.5 V Diesel 8-seater,-0.704150318240002,2.7900318948101743,True,False,False,False,True,False,True,False,False,False,True
Volkswagen Jetta 1.9 TDI Trendline,-0.9414007814595824,1.5156873156917636,True,False,False,False,True,False,True,False,False,False,False
Maruti Swift Dzire VXi,-0.9414007814595824,0.878515026132558,False,False,False,True,True,False,True,True,False,False,False
Tata Indica Vista Aqua 1.3 Quadrajet BSIV,-0.46689985502042153,-0.056004331887610094,True,False,False,False,True,False,True,False,False,False,False
Hyundai EON Era Plus,1.1938533875166413,-1.1391972241382595,False,False,False,True,True,False,True,False,False,False,False
Toyota Innova 2.5 V Diesel 8-seater,-1.1786512446791628,1.8130343841527263,True,False,False,False,True,False,True,False,False,False,True
Tata Indigo TDI,-1.1786512446791628,1.7280780788781656,True,False,False,False,True,False,True,False,False,False,True
Toyota Innova 2.5 G (Diesel) 8 Seater BS IV,-1.6531521711183237,4.913939526674193,True,False,False,False,True,False,True,False,False,False,False
Mahindra Scorpio M2DI,0.2448515346383197,1.09090578931896,True,False,False,False,True,False,True,False,False,False,False
BMW 3 Series 320d Sport Line,0.007601071418739302,0.15213861603506373,True,False,False,False,False,False,False,False,True,False,False
Mahindra Marazzo M4,1.1938533875166413,-1.1391972241382595,True,False,False,False,True,False,True,False,True,False,False
Toyota Innova 2.5 G4 Diesel 7-seater,-1.4159017078987433,3.2785306501388987,True,False,False,False,False,False,True,True,False,False,False
Tata Indica Vista Quadrajet LS,-0.22964939180084112,1.5156873156917636,True,False,False,False,True,False,True,False,False,False,False
Volkswagen Vento New Diesel Highline,-0.22964939180084112,0.36877719448519364,True,False,False,False,True,False,True,True,False,False,False
Maruti Swift Dzire VDI,0.007601071418739302,-0.28963417139265213,True,False,False,False,True,False,True,False,False,False,False
Ford EcoSport 1.5 Diesel Ambiente BSIV,1.1938533875166413,-0.6082203161722549,True,False,False,False,True,False,True,False,True,False,False
Maruti Alto LXi BSIII,-0.9414007814595824,0.2413427365733525,False,False,False,True,True,False,True,False,True,False,False
Maruti Swift Ldi BSIV,-0.704150318240002,1.7174585407188454,True,False,False,False,True,False,True,False,False,False,True
Maruti Alto LXi,-0.9414007814595824,-0.6082203161722549,False,False,False,True,True,False,True,False,False,False,False
Tata Indica Vista Quadrajet VX,0.007601071418739302,0.878515026132558,True,False,False,False,True,False,True,False,False,False,False
Maruti 800 Std,-2.3649035607770648,0.20094601341529889,False,False,False,True,True,False,True,False,False,False,False
Hyundai Tucson 2.0 e-VGT 2WD AT GL,1.1938533875166413,-0.6082203161722549,True,False,False,False,True,False,False,False,False,False,False
Hyundai EON Era Plus,0.956602924297061,-1.0542409188636988,False,False,False,True,True,False,True,False,False,False,False
Maruti Baleno Alpha 1.2,0.956602924297061,-0.3533514003485727,False,False,False,True,False,False,True,False,False,False,False
Skoda Fabia 1.2L Diesel Ambiente,-0.704150318240002,1.7280780788781656,True,False,False,False,True,False,True,False,False,False,False
Maruti Ritz VDi,-0.22964939180084112,1.09090578931896,True,False,False,False,True,False,True,False,True,False,False
Hyundai Santro Xing GL PLUS CNG,-1.4159017078987433,0.2413427365733525,False,False,False,False,True,False,True,False,False,False,True
Hyundai Verna CRDi SX,-0.704150318240002,1.09090578931896,True,False,False,False,True,False,True,False,True,False,False
Jaguar XF 3.0 Litre S Premium Luxury,0.007601071418739302,-0.09848248452489047,False,False,False,False,True,False,False,False,True,False,False
Maruti Omni LPG STD BSIV,-1.6531521711183237,1.4094919340985628,False,False,True,False,True,False,True,True,False,False,False
Honda City 1.5 V MT,1.1938533875166413,-1.287870758368741,False,False,False,True,False,False,True,False,False,False,False
Volkswagen Vento 1.5 TDI Highline BSIV,1.4311038507362217,-1.3430923567972053,True,False,False,False,False,False,True,False,False,True,False
Hyundai Creta 1.6 CRDi AT SX Plus,0.7193524610774805,-0.8186358452610233,True,False,False,False,False,False,False,False,False,False,False
Maruti Swift VDI Optional,0.48210199785790014,0.45373349975975436,True,False,False,False,True,False,True,False,False,False,False
Renault Duster 85PS Diesel RxL Optional,0.007601071418739302,-0.502024934579054,True,False,False,False,True,False,True,False,False,False,False
Renault KWID RXT,0.7193524610774805,-0.3321123240299325,False,False,False,True,True,False,True,False,True,False,False
Mercedes-Benz E-Class E250 Edition E,0.007601071418739302,0.26258181289199267,True,False,False,False,False,False,False,False,False,False,False
Maruti Wagon R VXI BS IV,0.7193524610774805,-0.9268064609518577,False,False,False,True,True,False,True,False,False,False,False
Mahindra KUV 100 G80 K4 Plus,1.1938533875166413,-1.1391972241382595,False,False,False,True,True,False,True,False,False,False,False
Renault KWID RXT,0.956602924297061,-1.2453926057314606,False,False,False,True,True,False,True,False,False,False,False
Hyundai Santro GS,-1.890402634337904,-0.2560764308092007,False,False,False,True,False,False,True,False,False,False,False
Tata Indigo CS LS (TDI) BS-III,0.48210199785790014,0.878515026132558,True,False,False,False,True,False,True,False,True,False,False
Hyundai Verna 1.6 SX,-0.22964939180084112,1.303296552505362,True,False,False,False,True,False,True,False,False,False,False
Chevrolet Beat LT Option,0.48210199785790014,-0.18343878979945122,False,False,False,True,True,False,True,False,False,False,False
Maruti Esteem Vxi - BSIII,-1.6531521711183237,0.02895197338695065,False,False,False,True,True,False,True,False,False,False,True
Maruti Wagon R VXI Minor,-1.4159017078987433,-0.18343878979945122,False,False,False,True,True,False,True,False,False,False,True
Toyota Etios VD,0.2448515346383197,-0.6104504191857122,True,False,False,False,False,False,True,False,False,False,False
Tata Indigo LS,-0.704150318240002,0.7086024155834366,True,False,False,False,True,False,True,False,True,False,False
Mahindra Bolero Power Plus Plus AC BSIV PS,0.48210199785790014,0.45373349975975436,True,False,False,False,True,False,True,False,False,False,True
Hyundai Grand i10 Asta Option,0.956602924297061,-1.0330018425450587,False,False,False,True,True,False,True,False,True,False,False
Hyundai Santro GS,-1.6531521711183237,1.09090578931896,False,False,False,True,True,False,True,False,True,False,False
Hyundai Santro Xing GL Plus,-0.22964939180084112,-0.3958295529858531,False,False,False,True,True,False,True,False,True,False,False
Maruti Alto LX,-0.22964939180084112,0.45373349975975436,False,False,False,True,True,False,True,False,False,False,False
Mahindra XUV500 W10 AWD,0.48210199785790014,0.02895197338695065,False,False,False,False,True,False,True,False,False,False,False
Maruti Swift ZXI,0.2448515346383197,,False,False,False,True,True,False,True,False,False,False,False
Mahindra Scorpio 1.99 S10,0.7193524610774805,-1.1391972241382595,True,False,False,False,True,False,True,False,True,False,False
Ford Figo Diesel ZXI,-0.46689985502042153,0.8360368734952777,True,False,False,False,True,False,True,False,True,False,False
Mercedes-Benz New C-Class 220 CDI AT,0.007601071418739302,-0.20467786611809138,True,False,False,False,False,False,False,False,False,False,False
Maruti Alto LXi,-0.46689985502042153,-0.6082203161722549,False,False,False,True,True,False,True,False,True,False,False
Renault Duster 85PS Diesel RxL,0.2448515346383197,1.09090578931896,True,False,False,False,True,False,True,False,False,False,False
Maruti Zen Estilo LX BSIII,-1.4159017078987433,0.11779502962782255,False,False,False,True,True,False,True,False,True,False,False
Tata New Safari DICOR 2.2 VX 4x4,-0.22964939180084112,-0.5518305685462652,True,False,False,False,True,False,True,False,False,False,False
Honda Amaze VX i-VTEC,1.1938533875166413,-0.42556425983194934,False,False,False,True,False,False,True,False,False,False,False
Mahindra Thar DI 4X4 PS,0.7193524610774805,-0.3958295529858531,True,False,False,False,True,False,True,False,False,False,False
Maruti Swift VDI BSIV,0.956602924297061,-0.9268064609518577,True,False,False,False,True,False,True,False,False,False,False
Volvo XC60 D3 Kinetic,-0.22964939180084112,1.00577957143385,True,False,False,False,False,False,False,False,False,False,True
Maruti Alto 800 LXI Optional,1.4311038507362217,-0.8630892319959371,False,False,False,True,False,False,True,False,False,False,False
BMW X1 sDrive 20d xLine,1.4311038507362217,-1.2560121438907805,True,False,False,False,True,False,False,False,False,False,False
Hyundai EON Sportz,-0.22964939180084112,-0.27336503893257375,False,False,False,True,True,False,True,False,True,False,False
Mercedes-Benz M-Class ML 350 CDI,0.2448515346383197,0.2307231984140324,True,False,False,False,True,False,False,False,True,False,False
Hyundai Santro LS zipPlus,-2.3649035607770648,-0.18343878979945122,False,False,False,True,True,False,True,False,False,False,False
Mahindra Quanto C6,-0.22964939180084112,0.43249442344111416,True,False,False,False,True,False,True,False,True,False,False
Hyundai EON Era Plus,0.48210199785790014,0.02895197338695065,False,False,False,True,True,False,True,False,False,False,False
Hyundai EON LPG Magna Plus,-0.22964939180084112,2.152859605250969,False,False,True,False,True,False,True,False,False,False,True
Renault KWID 1.0 RXT Optional,0.956602924297061,-0.6931766214468157,False,False,False,True,True,False,True,False,False,False,False
Mahindra Xylo E6,-0.9414007814595824,-0.006092502538805658,True,False,False,False,False,False,True,False,False,False,False
Renault KWID RXL,1.4311038507362217,-0.6082203161722549,False,False,False,True,True,False,True,False,False,False,False
Honda Civic 1.8 S MT,-1.4159017078987433,,False,False,False,True,True,False,True,False,True,False,False
Tata Nano STD,0.007601071418739302,-0.9268064609518577,False,False,False,True,True,False,True,True,False,False,False
Maruti Zen LXi - BS III,-1.890402634337904,-0.7356547740840961,False,False,False,True,False,False,True,False,False,False,False
Maruti Wagon R LXI BSIII,-1.890402634337904,-0.07724340820625028,False,False,False,True,True,False,True,False,True,False,False
Mahindra XUV500 AT W10 FWD,1.1938533875166413,-0.8206110793586568,True,False,False,False,True,False,False,False,False,False,False
Ford Freestyle Titanium,1.6683543139558021,-1.4363319018360359,False,False,False,True,False,False,True,False,False,True,False
Honda BR-V i-DTEC VX MT,1.1938533875166413,-0.5657421635349745,True,False,False,False,True,False,True,False,False,False,False
Toyota Innova 2.5 VX (Diesel) 8 Seater,0.48210199785790014,-0.47203535881713404,True,False,False,False,True,False,True,False,False,False,False
Mahindra Xylo H4 ABS,0.7193524610774805,-0.6082203161722549,True,False,False,False,True,False,True,False,False,False,False
Skoda Superb Elegance 2.0 TDI CR AT,-0.46689985502042153,3.533399565962581,True,False,False,False,True,False,False,False,False,False,False
Audi Q3 35 TDI Quattro Technology,1.1938533875166413,-0.9268064609518577,True,False,False,False,True,False,False,False,False,False,False
Ford EcoSport 1.5 Diesel Titanium Plus BSIV,0.956602924297061,-1.2029144530941802,True,False,False,False,True,False,True,False,False,False,False
Chevrolet Enjoy TCDi LT 8 Seater,0.48210199785790014,-0.3958295529858531,True,False,False,False,True,False,True,False,False,False,False
